-- phpMyAdmin SQL Dump
-- version 5.2.1
-- https://www.phpmyadmin.net/
--
-- Máy chủ: 127.0.0.1:3360
-- Thời gian đã tạo: Th6 27, 2024 lúc 09:54 AM
-- Phiên bản máy phục vụ: 10.4.32-MariaDB
-- Phiên bản PHP: 8.2.12

SET SQL_MODE = "NO_AUTO_VALUE_ON_ZERO";
START TRANSACTION;
SET time_zone = "+00:00";


/*!40101 SET @OLD_CHARACTER_SET_CLIENT=@@CHARACTER_SET_CLIENT */;
/*!40101 SET @OLD_CHARACTER_SET_RESULTS=@@CHARACTER_SET_RESULTS */;
/*!40101 SET @OLD_COLLATION_CONNECTION=@@COLLATION_CONNECTION */;
/*!40101 SET NAMES utf8mb4 */;

--
-- Cơ sở dữ liệu: `laptopdb`
--

-- --------------------------------------------------------

--
-- Cấu trúc bảng cho bảng `banners`
--

CREATE TABLE `banners` (
  `id` int(11) NOT NULL,
  `image` varchar(255) NOT NULL,
  `link` varchar(255) NOT NULL,
  `status` tinyint(4) NOT NULL
) ENGINE=InnoDB DEFAULT CHARSET=utf8mb4 COLLATE=utf8mb4_general_ci;

-- --------------------------------------------------------

--
-- Cấu trúc bảng cho bảng `carts`
--

CREATE TABLE `carts` (
  `cart_id` int(11) NOT NULL,
  `product_id` int(11) NOT NULL,
  `user_id` int(11) NOT NULL,
  `product_name` varchar(255) NOT NULL,
  `product_price` int(11) NOT NULL,
  `product_quantity` int(11) NOT NULL,
  `product_image` varchar(255) NOT NULL
) ENGINE=InnoDB DEFAULT CHARSET=utf8mb4 COLLATE=utf8mb4_general_ci;

-- --------------------------------------------------------

--
-- Cấu trúc bảng cho bảng `categories`
--

CREATE TABLE `categories` (
  `category_id` int(11) NOT NULL,
  `name` varchar(255) NOT NULL,
  `image` varchar(255) NOT NULL,
  `status` tinyint(1) NOT NULL DEFAULT 1
) ENGINE=InnoDB DEFAULT CHARSET=utf8mb4 COLLATE=utf8mb4_general_ci;

--
-- Đang đổ dữ liệu cho bảng `categories`
--

INSERT INTO `categories` (`category_id`, `name`, `image`, `status`) VALUES
(19, 'Laptop Gaming', 'laptopc.png', 1),
(20, 'Laptop văn phòng', 'laptopa.png', 1),
(22, 'Linh Kiện', 'default-product.jpg', 1);

-- --------------------------------------------------------

--
-- Cấu trúc bảng cho bảng `comments`
--

CREATE TABLE `comments` (
  `comment_id` int(11) NOT NULL,
  `content` text NOT NULL,
  `date` datetime NOT NULL DEFAULT current_timestamp(),
  `status` tinyint(1) NOT NULL DEFAULT 1 COMMENT '0 ẩn 1 hiện',
  `user_id` int(11) NOT NULL,
  `product_id` int(11) NOT NULL
) ENGINE=InnoDB DEFAULT CHARSET=utf8mb4 COLLATE=utf8mb4_general_ci;

--
-- Đang đổ dữ liệu cho bảng `comments`
--

INSERT INTO `comments` (`comment_id`, `content`, `date`, `status`, `user_id`, `product_id`) VALUES
(10, 'Hello, sản phẩm này rất tốt!!!', '2024-06-25 17:02:36', 1, 8, 34);

-- --------------------------------------------------------

--
-- Cấu trúc bảng cho bảng `orderdetails`
--

CREATE TABLE `orderdetails` (
  `orderdetails_id` int(11) NOT NULL,
  `order_id` int(11) NOT NULL,
  `product_id` int(11) NOT NULL,
  `quantity` int(11) NOT NULL,
  `price` int(11) NOT NULL
) ENGINE=InnoDB DEFAULT CHARSET=utf8mb4 COLLATE=utf8mb4_general_ci;

--
-- Đang đổ dữ liệu cho bảng `orderdetails`
--

INSERT INTO `orderdetails` (`orderdetails_id`, `order_id`, `product_id`, `quantity`, `price`) VALUES
(98, 49, 38, 1, 12890000),
(99, 50, 37, 1, 14390000),
(100, 51, 37, 1, 14390000),
(101, 52, 40, 1, 10990000),
(102, 52, 41, 2, 16490000),
(103, 53, 40, 1, 10990000),
(104, 54, 40, 2, 10990000);

-- --------------------------------------------------------

--
-- Cấu trúc bảng cho bảng `orders`
--

CREATE TABLE `orders` (
  `order_id` int(11) NOT NULL,
  `user_id` int(11) NOT NULL,
  `date` datetime NOT NULL DEFAULT current_timestamp(),
  `total` int(11) NOT NULL,
  `address` varchar(255) NOT NULL,
  `phone` varchar(10) NOT NULL,
  `note` text NOT NULL,
  `status` tinyint(1) NOT NULL DEFAULT 1
) ENGINE=InnoDB DEFAULT CHARSET=utf8mb4 COLLATE=utf8mb4_general_ci;

--
-- Đang đổ dữ liệu cho bảng `orders`
--

INSERT INTO `orders` (`order_id`, `user_id`, `date`, `total`, `address`, `phone`, `note`, `status`) VALUES
(49, 8, '2024-06-25 13:35:20', 12890000, 'Cần Thơ', '0336216559', '', 1),
(50, 8, '2024-06-25 13:36:28', 14390000, 'Hai Phong', '0973636322', '', 1),
(51, 8, '2024-06-25 13:36:31', 14390000, 'Hai Phong', '0973636322', '', 4),
(52, 8, '2024-06-25 16:54:08', 43970000, 'Quốc Oai', '0829936692', 'Quốc Oai', 1),
(53, 8, '2024-06-25 16:55:16', 10990000, 'Quốc Oai', '0829936692', 'Quốc Oai', 3),
(54, 8, '2024-06-27 14:52:10', 21980000, 'Phú Thọ', '0966979662', 'Ok', 1);

-- --------------------------------------------------------

--
-- Cấu trúc bảng cho bảng `posts`
--

CREATE TABLE `posts` (
  `post_id` int(11) NOT NULL,
  `category_id` int(11) NOT NULL,
  `title` varchar(255) NOT NULL,
  `image` varchar(255) NOT NULL,
  `author` varchar(255) NOT NULL,
  `content` text NOT NULL,
  `views` int(11) NOT NULL DEFAULT 0,
  `status` tinyint(1) NOT NULL DEFAULT 1,
  `created_at` datetime NOT NULL DEFAULT current_timestamp(),
  `updated_at` datetime NOT NULL DEFAULT current_timestamp() ON UPDATE current_timestamp()
) ENGINE=InnoDB DEFAULT CHARSET=utf8mb4 COLLATE=utf8mb4_general_ci;

--
-- Đang đổ dữ liệu cho bảng `posts`
--

INSERT INTO `posts` (`post_id`, `category_id`, `title`, `image`, `author`, `content`, `views`, `status`, `created_at`, `updated_at`) VALUES
(5, 2, 'Những tác giả có sức ảnh hưởng nhất trong làng sách Việt Nam năm 2015', 'tac-gia.jpg', 'Admin', '<p><strong>Năm 2015, bên cạnh những tác giả đã quá đỗi quen thuộc thì thị trường xuất bản còn đón nhận nhiều gương mặt trẻ. Họ đã thổi một làn gió mới tới những người yêu sách, đem đến tinh thần mua sách và đọc sách ở thế hệ 9x, 10x.&nbsp;</strong></p><p>Cùng LĐTĐ điểm tên 10 nhà văn, tác giả tạo được tiếng vang nhất trong làng sách Việt Nam trong năm qua.</p><h4><strong>Nguyễn Nhật Ánh</strong></h4><p>Năm 2015 có thể coi là một năm “đại thắng” đối với nhà văn Nguyễn Nhật Anh. “Tôi thấy hoa vàng trên cỏ xanh” thu nhận thành công trên mức tưởng tượng khi được chuyển thể thành phim nhựa giới thiệu tới khán giả trong và ngoài nước. Bên cạnh sự phủ sóng mạnh mẽ của “Tôi thấy hoa vàng trên cỏ xanh”, những cuốn sách khác của nhà văn Nguyễn Nhật Ánh như: “Bảy bước tới mùa hè”, “Cô gái đến từ hôm qua”… cũng nhanh chóng trở thành “best-seller” ngay từ khi mới ra mắt.</p><p>Thành công của những tác phẩm do Nguyễn Nhật Ánh sáng tác đến từ sự dung dị, đời thường, gắn liền với những kỷ niệm tươi đẹp của tuổi thơ. Mỗi cuốn sách như một bức tranh mở ra trước mắt người đọc những khung cảnh chân phương, đầy ắp tiếng cười.</p><h4><strong>Nguyễn Phong Việt</strong></h4><p>“Đi qua thương nhớ”, “Sinh ra là để cô đơn” hay mới đây nhất là “Sống một cuộc đời bình thường” đều là những cuốn sách được yêu mến của Nguyễn Phong Việt.</p><p>Được mệnh danh là nhà thơ “ăn khách” nhất, Nguyễn Phong Việt chia sẻ: “Tôi may mắn khi mình có rất nhiều cảm xúc. Ngay từ tập thơ đầu, tôi là người làm thơ không câu nệ câu chữ. Mình nghĩ câu đó cần 20 từ thì viết 20 từ chứ không phải vì để cho ngắn gọn, cho người đọc dễ chịu thì viết ngắn hơn. Mình viết mình cảm nhận được trước đã, rồi độc giả mới hiểu. Sau này, tôi có sự thỏa hiệp nho nhỏ, thay đổi vài từ để cảm xúc của câu chữ không bị bóp nghẹt trong đau đớn”.</p><h4><strong>Anh Khang</strong></h4><p>Sớm định hình phong cách riêng trong dòng văn học trẻ sôi động, Anh Khang - tác giả sinh năm 1987 được độc giả trẻ đón nhận qua những tựa sách “hot” như “Ngày trôi về phía cũ”, “Đường hai ngả người thương thành lạ” hay “Buồn làm sao buông”.</p><p>Văn của Anh Khang không tìm đến sự nổi loạn hay phá cách trong con chữ mà tạo ra dấu ấn riêng nhờ sự nhạy cảm trong lối suy nghĩ thấu đáo, truyền tải đúng tâm tình của người trẻ hiện đại. Anh Khang là một trong những tác giả trẻ sở hữu số lượng fans đông đảo nhất hiện nay trên mạng xã hội cũng như ngoài đời thực.</p>', 0, 1, '2023-11-29 17:25:47', '2023-12-03 13:21:05'),
(8, 9, 'Top cuốn sách tâm lý làm chủ chính mình hay nhất hiện nay', 'top-sach-tam-li.jpg', 'Admin', '<p><i>Tâm lý học là một ngành học thú vị và hấp dẫn, bởi vì nó giúp chúng ta hiểu được tâm lý con người, một thứ rất phức tạp và biến đổi. Nhiều người muốn nâng cao kiến thức về tâm lý học và tìm đọc những cuốn sách chất lượng và hữu ích về ngành học này. Trong bài viết này, sẽ giới thiệu cho bạn top cuốn sách tâm lý nổi tiếng hiện nay.</i></p><h4><strong>Tư duy nhanh và chậm – Daniel Kahneman</strong></h4><p>Tư Duy Nhanh Và Chậm là một cuốn sách nổi tiếng của Daniel Kahneman, một nhà tâm lý học xuất sắc. Sách giải thích rằng tâm trí con người có hai hệ thống hoạt động khác nhau: Hệ thống 1 hoạt động nhanh chóng, trực giác và không cần suy nghĩ nhiều; Hệ thống 2 hoạt động chậm rãi, cẩn thận và cần nhiều sự chú ý. Tác giả cũng cho thấy rằng con người thường mắc phải những sai lầm trong việc ra quyết định, do bị ảnh hưởng bởi những cảm xúc, định kiến và thiếu nhất quán. Cuốn sách này sẽ giúp bạn đọc hiểu được nhiều điều thú vị và sâu sắc về tâm lý con người và nhận ra rằng “Chúng ta không giỏi như chúng ta nghĩ”.</p><h4><a href=\"https://tiki.vn/search?q=phi%20l%C3%BD%20tr%C3%AD\"><strong>Phi lý trí</strong></a><strong> – Dan Ariely</strong></h4><p>Phi Lý Trí là một tác phẩm trong top cuốn sách tâm lý của Dan Ariely, một giáo sư tâm lý học và kinh tế học hành vi, trong đó ông đã trình bày những nghiên cứu và thí nghiệm của mình về sự thiếu hợp lý của con người trong việc ra quyết định và tiết lộ những hiện tượng tâm lý mới lạ và thú vị. Ông đã khẳng định rằng: chúng ta thường bị ảnh hưởng bởi một “hệ thống” phi lý trí vô hình.&nbsp;</p><p>Ông đã kết hợp những nghiên cứu khoa học với những ví dụ thực tế để giúp chúng ta nhận ra những “điểm mù” trong cách suy nghĩ hàng ngày. Phi Lý Trí của Dan Ariely là một cuốn sách tâm lý học rất cuốn hút bởi ông đã sử dụng ngôn ngữ dễ hiểu nhưng vẫn khiến người đọc phải suy ngẫm về những hành vi và những sai lầm của bản thân để có thể sống một cách hợp lý và tốt đẹp hơn.</p><h4><strong>Im lặng – Sức mạnh của người hướng nội</strong></h4><p>Trong cuốn sách này, Susan Cain đã nói về sự khác biệt giữa người hướng ngoại và người hướng nội, và những ưu điểm của người có tính cách nhạy cảm. Tác giả đã chỉ ra rằng người hướng nội có thể tận dụng tính cách của mình để chọn lựa công việc, lĩnh vực phù hợp với mình trong xã hội.&nbsp;</p><p>Cuốn sách này sẽ rất hữu ích cho bạn nếu bạn là người hướng nội muốn tìm đường đi cho bản thân, hoặc nếu bạn muốn hiểu thêm về người hướng nội để có thể quản lý, giao tiếp và hợp tác tốt hơn với họ.</p><h4><strong>Tâm Lý Học Đám Đông – Gustave Le Bon</strong></h4><p>Tác giả Gustave Le Bon, một nhà tâm lý học Pháp nổi tiếng, đã viết cuốn sách Tâm lý học đám đông để nghiên cứu về sự ảnh hưởng của đám đông đến lý trí và cảm xúc của con người. Tác giả đã dựa trên nhiều nghiên cứu về tinh thần và tính cách của các dân tộc, chủng tộc khác nhau trên thế giới. Tác giả đã cho rằng, con người bị chi phối bởi những yếu tố sinh học và tâm lý học. Chủng tộc là một thực thể ẩn sâu trong mỗi cá nhân và có ảnh hưởng đến mọi hành động, ham muốn, xung năng của họ. Tác giả cũng đã trải qua nhiều biến động lịch sử của Pháp, như Công Xã Paris, cách mạng Pháp 1789 và 1848. Những trải nghiệm này đã giúp tác giả có những quan sát và phân tích từ thực tiễn được thể hiện rõ nét trong cuốn sách Tâm lý học đám đông.</p>', 0, 1, '2023-12-03 13:45:32', '2023-12-03 13:45:32'),
(9, 9, '9 cuốn sách kinh tế hay nhất | Muốn kinh doanh phải đọc qua', 'top-9-sach.jpg', 'Admin', '<p><strong>Bạn quan tâm đến tình hình kinh tế thế giới, bạn muốn bắt đầu một sự nghiệp kinh doanh mà phân vân không biết nền kinh tế thực sự vận hành như thế nào, bạn muốn tìm hiểu một tựa sách về kinh tế nhưng vẫn đang phân vân. Bài viết này sẽ giải đáp hết thắc mắc đó. Cùng tìm hiểu những cuốn sách về kinh doanh hay nhất được chúng tớ tổng hợp nhé.</strong></p><h4><strong>Thế giới phẳng – Thomas L.Friedman</strong></h4><p>Sách kinh tế Thế giới phẳng nói về vấn đề toàn cầu hóa dưới góc độ phân tích độc đáo. Theo tác giả, “phẳng” trong thế giới phẳng đó là sự kết nối, phá vỡ đi rào cản về chính trị, tôn giáo, địa lý, từ đó mở ra địa chính trị, địa kinh tế, phương thức sản xuất kinh doanh tiên tiến hiện đại hơn.</p><p>Cuốn sách tập trung mổ xẻ cấu trúc của nền kinh tế và chính trị đương đại, nêu rõ sự phát triển vượt bậc của khoa học kỹ thuật làm thay đổi diện mạo của nền kinh tế thế giới. Bằng cách trình bày hóm hỉnh hài hước, tác giả đã giúp người đọc hiểu thế giới phẳng được bắt đầu khi nào, diễn tiến ra sao, các yếu tố then chốt làm thế giới phẳng. Thông qua cuốn sách, các doanh nghiệp, quốc gia, cá nhân nhìn nhận rõ được cơ hội và thách thức trong bối cảnh toàn cầu hóa, từ đó đưa ra định hướng phát triển riêng cho mình.</p><h4><strong>Lược sử kinh tế học – Niall Kishtainy</strong></h4><p>Sách kinh tế Lược sử kinh tế học luôn nằm trong top những cuốn sách bán chạy nhất hiện nay. Đọc xong cuốn sách mọi người sẽ cảm nhận được kinh tế học không phải là những kiến thức cao siêu dành cho các doanh nhân, chính khách hay nhà kinh tế học mà nó có ích và gần gũi với cuộc sống củ mỗi người. Mỗi người trong thời đại hiện nay đều cần nắm được các kiến thức cơ bản về kinh tế để giúp cuộc sống của mình được tốt đẹp hơn.</p><p>Nội dung sách tập trung nói về các học thuyết và quy luật kinh tế kinh điển ở phương tây trong hàng nghìn năm qua dưới góc độ khác quan. Tác giả đưa ra những minh họa, ví dụ sống động và dễ hiểu để có thể tiếp cận được phần đa người đọc. Với độ dày khoảng 300 trang, sách kinh tế hay Lược sử kinh tế học giúp chúng ta nắm được các cột mốc quan trọng toàn cảnh nền kinh tế, từ lúc khởi nguồn đơn giản đến khi phức tạp hơn, xuất hiện giá trị thặng dư, buôn bán…</p><h4><strong>Doanh nghiệp của thế kỷ 21 – Robert T. Kiyosaki</strong></h4><p>Nhắc đến những cuốn sách kinh tế hay thì không thể nào kể thiếu tên cuốn Doanh nghiệp của thế kỷ 21. Cuốn sách này sẽ nêu rõ lý do tại sao cần phải xây dựng được cho mình doanh nghiệp riêng, và nên hoạt động trong lĩnh vực nào là tốt nhất. Bên cạnh đó tác giả cũng đưa ra nhiều kiến thức về tư duy làm giàu, cách tìm kiếm các phương tiện giúp xây dựng hình ảnh doanh nghiệp tốt hơn đối với khách hàng, người tiêu dùng, đối tác… Những công cụ, cách thức tìm kiếm mọi thứ để giúp doanh nghiệp phát triển toàn diện hơn cũng được bật mí chi tiết và đầy đủ nhất qua cuốn sách.</p><p>Cuốn sách khai sáng tư duy cho những ai đang mong muốn tự lập kinh doanh và làm giàu cho bản thân. Tác giả đưa ra giải pháp mà bất cứ ai cũng có thể vận dụng, áp dụng thành công mà không cần phải có tài năng hay thiên bẩm.</p><h4><strong>Tuần làm việc 4 giờ – Timothy Ferress</strong></h4><p>Một trong những cuốn sách kinh tế hay mà bạn nên đọc đó là Tuần làm việc 4 giờ. Đọc cuốn sách này, mỗi người sẽ tự trả lời được cho mình câu hỏi làm thế nào để có được cuộc sống tự do, thoải mái như một triệu phú, tỷ phú mà không cần phải có 1 triệu đô la, 1 tỷ đô la – số tiền mà ít ai có được trong suốt cuộc đời học tập, làm việc của mình. Tác giả đã giúp mỗi người biết cách tách biệt thu nhập với thời gian, từ đó xây dựng cho mình lối sống lý tưởng với nhiều hoạt động đa dạng như đi vòng quanh thế giới, đọc sách…</p><p>Từ cuốn sách, tác giả Timothy Ferress cũng đã có những chia sẻ về cách kiếm tiền 40 nghìn đô /tháng chỉ bằng cách làm 4 tiếng/tuần. Sự khác biệt của cuốn sách là đưa ra góc nhìn cuộc sống đơn giản và dễ thở hơn, thay vì đề cập đến các vấn đề thường gặp như thiếu thời gian làm việc, nghỉ ngơi, tinh thần căng thẳng… Nhìn chung mỗi người hoàn toàn có thể sống tốt với công việc mà mình có tiềm năng, quan trọng bạn cần phải khai phá tiềm năng của mình đúng đắn.</p><h4><strong>Chiến lược đại dương xanh – W. Chan Kim &amp; Renee Mauborgne</strong></h4><p>Chiến lược đại dương xanh là cuốn sách hay về kinh tế tiếp theo mà chúng tôi muốn giới thiệu đến các bạn đọc. Cuốn sách này xuất bản từ năm 2004, đến nay đã trải qua gần 20 năm nhưng vẫn giữ nguyên tính lịch sử và sự phù hợp với thời đại. Cuốn sách nổi tiếng này đã được dịch hơn 46 thứ tiếng và bán hơn 4 triệu bản trên toàn thế giới.</p><p>Nội dung cuốn sách đề cập đến chiến lược kinh doanh kinh điển mà các doanh nhân, lãnh đạo cần biết, đó là mở rộng và phát triển thị trường mới – một đại dương xanh – ở đó không có bất cứ sự cạnh tranh nào.</p><p>Chiến lược này nhấn mạnh tầm quan trọng của việc nâng cao giá trị dịch vụ cũng như sản phẩm, đi kèm với đó là giá thành hợp lý để mang lại nhiều quyền lợi cho người tiêu dùng. Chiến lược này có thể đưa các doanh nghiệp phát triển nhảy vọt và tăng trưởng mạnh mẽ về giá trị.</p>', 0, 1, '2023-12-03 17:41:06', '2023-12-03 17:44:51');

-- --------------------------------------------------------

--
-- Cấu trúc bảng cho bảng `post_categories`
--

CREATE TABLE `post_categories` (
  `id` int(11) NOT NULL,
  `name` varchar(255) NOT NULL
) ENGINE=InnoDB DEFAULT CHARSET=utf8mb4 COLLATE=utf8mb4_general_ci;

--
-- Đang đổ dữ liệu cho bảng `post_categories`
--

INSERT INTO `post_categories` (`id`, `name`) VALUES
(1, 'Chưa có chuyên mục'),
(2, 'Tác giả nổi tiếng'),
(9, 'Giới thiệu sách');

-- --------------------------------------------------------

--
-- Cấu trúc bảng cho bảng `products`
--

CREATE TABLE `products` (
  `product_id` int(11) NOT NULL,
  `category_id` int(11) NOT NULL,
  `name` varchar(255) NOT NULL,
  `image` varchar(255) NOT NULL,
  `quantity` int(11) NOT NULL,
  `price` int(11) NOT NULL,
  `sale_price` int(11) NOT NULL,
  `create_date` datetime NOT NULL DEFAULT current_timestamp(),
  `views` int(11) NOT NULL DEFAULT 0,
  `details` text NOT NULL,
  `short_description` text NOT NULL,
  `status` tinyint(1) NOT NULL DEFAULT 1
) ENGINE=InnoDB DEFAULT CHARSET=utf8mb4 COLLATE=utf8mb4_general_ci;

--
-- Đang đổ dữ liệu cho bảng `products`
--

INSERT INTO `products` (`product_id`, `category_id`, `name`, `image`, `quantity`, `price`, `sale_price`, `create_date`, `views`, `details`, `short_description`, `status`) VALUES
(34, 19, 'Laptop Lenovo Gaming LOQ - 15IAX9 i5 12450HX/AI/12GB/512GB/15.6', 'laptopb.png', 10, 19990000, 18990000, '2024-06-25 12:56:23', 7, '<h2>Đặc điểm nổi bật của Lenovo Gaming LOQ 15IAX9 i5-12450HX (83GS001RVN)</h2><p><img src=\"https://images.fpt.shop/unsafe/fit-in/665x374/filters:quality(100):fill(white)/fptshop.com.vn/Uploads/Originals/2024/3/6/638453231484035496_lenovo-gaming-loq-15iax-9-i5-12450hx-6.jpg\" alt=\"Laptop Lenovo Gaming LOQ - 15IAX9 i5 12450HX/AI/12GB/512GB/15.6\" width=\"665\" height=\"374\"></p><p><img src=\"https://images.fpt.shop/unsafe/fit-in/665x374/filters:quality(100):fill(white)/fptshop.com.vn/Uploads/Originals/2024/3/6/638453231481371231_lenovo-gaming-loq-15iax-9-i5-12450hx-2.jpg\" alt=\"Laptop Lenovo Gaming LOQ - 15IAX9 i5 12450HX/AI/12GB/512GB/15.6\" width=\"665\" height=\"374\"></p><p><img src=\"https://images.fpt.shop/unsafe/fit-in/665x374/filters:quality(100):fill(white)/fptshop.com.vn/Uploads/Originals/2024/3/6/638453231481215166_lenovo-gaming-loq-15iax-9-i5-12450hx-1.jpg\" alt=\"Laptop Lenovo Gaming LOQ - 15IAX9 i5 12450HX/AI/12GB/512GB/15.6\" width=\"665\" height=\"374\"></p><p><img src=\"https://images.fpt.shop/unsafe/fit-in/665x374/filters:quality(100):fill(white)/fptshop.com.vn/Uploads/Originals/2024/3/6/638453231480746249_lenovo-gaming-loq-15iax-9-i5-12450hx-5.jpg\" alt=\"Laptop Lenovo Gaming LOQ - 15IAX9 i5 12450HX/AI/12GB/512GB/15.6\" width=\"665\" height=\"374\"></p><p><img src=\"https://images.fpt.shop/unsafe/fit-in/665x374/filters:quality(100):fill(white)/fptshop.com.vn/Uploads/Originals/2024/3/6/638453231480433698_lenovo-gaming-loq-15iax-9-i5-12450hx-3.jpg\" alt=\"Laptop Lenovo Gaming LOQ - 15IAX9 i5 12450HX/AI/12GB/512GB/15.6\" width=\"665\" height=\"374\"></p><p><img src=\"https://images.fpt.shop/unsafe/fit-in/665x374/filters:quality(100):fill(white)/fptshop.com.vn/Uploads/Originals/2024/3/6/638453231480589979_lenovo-gaming-loq-15iax-9-i5-12450hx-4.jpg\" alt=\"Laptop Lenovo Gaming LOQ - 15IAX9 i5 12450HX/AI/12GB/512GB/15.6\" width=\"665\" height=\"374\"></p><p>&nbsp;</p><h2>Đánh giá chi tiết Lenovo Gaming LOQ 15IAX9 i5-12450HX (83GS001RVN)</h2><p><strong>Lenovo Gaming LOQ 15IAX9 tập hợp sức mạnh của bộ vi xử lý Intel dòng HX và RTX 3000 series trong một thiết kế mỏng nhẹ. Hệ thống tản nhiệt mới đem lại trải nghiệm gaming mạnh mẽ mà không cần phải hy sinh sự di động và tính tiện lợi của chiếc một laptop nhỏ gọn.</strong></p><p><strong><img src=\"https://images.fpt.shop/unsafe/filters:quality(90)/fptshop.com.vn/Uploads/images/2015/0511/Lenovo-Gaming-LOQ-15IAX9-6.jpg\" alt=\"Lenovo LOQ 2023 15IAX9 83GS001RVN (ảnh 1)\" width=\"960\" height=\"640\"></strong></p><h3><strong>Thiết kế bền bỉ và đẹp mắt</strong></h3><p>Lenovo Gaming LOQ 15IAX9 không chỉ thu hút bởi hiệu suất và tính năng thông minh, mà còn bởi thiết kế mỏng hơn, đẹp hơn và bền bỉ hơn. Với lớp vỏ màu xám đen Luna Grey đẹp mắt, máy tính mang đến sự đơn giản và tính thẩm mỹ hiện đại. Nhờ việc mỏng hơn 4% so với thế hệ trước, <a href=\"https://fptshop.com.vn/may-tinh-xach-tay\">laptop</a> được tăng cường tính di động, giúp bạn dễ dàng mang máy đi bất cứ đâu. Thiết kế tinh tế của Lenovo Gaming LOQ còn thể hiện qua đèn báo trên nút nguồn, cho phép bạn dễ dàng nhận biết các chế độ quạt một cách trực quan.</p><p><img src=\"https://images.fpt.shop/unsafe/filters:quality(90)/fptshop.com.vn/Uploads/images/2015/0511/Lenovo-Gaming-LOQ-15IAX9-18.jpg\" alt=\"Lenovo LOQ 2023 15IAX9 83GS001RVN (ảnh 2)\" width=\"960\" height=\"640\"></p><p>Đặc biệt, chiếc <a href=\"https://fptshop.com.vn/may-tinh-xach-tay/gaming-do-hoa\">laptop gaming</a> đến từ Lenovo cũng được thiết kế để đạt chuẩn bền vững của quân đội Mỹ MIL-STD-810H, mang lại sự yên tâm tuyệt đối trong mọi tình huống sử dụng hàng ngày. Đây chính là sự kết hợp hoàn hảo giữa vẻ đẹp và độ bền của Lenovo Gaming LOQ 15IAX9.</p><p><img src=\"https://images.fpt.shop/unsafe/filters:quality(90)/fptshop.com.vn/Uploads/images/2015/0511/Lenovo-Gaming-LOQ-15IAX9-7.jpg\" alt=\"Lenovo LOQ 2023 15IAX9 83GS001RVN (ảnh 3)\" width=\"960\" height=\"640\"></p><h3><strong>Hiệu năng đột phá tương đương máy tính để bàn</strong></h3><p>Bước tiến đột phá của <a href=\"https://fptshop.com.vn/may-tinh-xach-tay/lenovo-gaming-loq-15iax9-i5-12450hx-12gb-rtx3050\">Lenovo LOQ 2023</a> nằm ở sức mạnh đến từ bộ vi xử lý dòng HX chuyên dụng cho hiệu năng cao của Intel, mở ra một cánh cửa mới về hiệu suất trong phân khúc máy tính chơi game tầm trung. Được trang bị con chip Intel Core i5 12450HX, laptop có sức mạnh của 8 nhân 12 luồng, trong đó có 4 nhân P với tốc độ lên đến 4.40 GHz và khả năng tiêu thụ tối đa 157W điện. Nhờ sức mạnh này, bạn có thể thỏa sức chơi game, Livestream, chỉnh sửa video hay thực hiện các công việc nặng một cách dễ dàng. Đặc biệt, loạt tính năng thông minh từ Intel như Thread Director và Turbo Boost không chỉ tối ưu hóa trải nghiệm chơi game mà còn giúp tăng tốc độ khung hình, giảm thiểu hiện tượng lag giật, giúp chơi game mượt mà hơn bao giờ hết.</p><p><img src=\"https://images.fpt.shop/unsafe/filters:quality(90)/fptshop.com.vn/Uploads/images/2015/0511/Lenovo-Gaming-LOQ-15IAX9-4.jpg\" alt=\"Lenovo LOQ 2023 15IAX9 83GS001RVN (ảnh 4)\" width=\"960\" height=\"640\"></p><h3><strong>Sức mạnh đồ họa đỉnh cao</strong></h3><p>Card đồ họa RTX 30 series của Lenovo Gaming LOQ 15IAX9 vừa lý tưởng cho game thủ, vừa là công cụ mạnh mẽ cho những người sáng tạo nội dung. Với GPU NVIDIA GeForce RTX 3050, laptop mang đến trải nghiệm đỉnh cao của kiến trúc Ampere - thế hệ thứ hai của NVIDIA với các công nghệ tiên tiến như nhân RT mới, nhân Tensor mới và các tính năng AI tiên tiến.</p><p><img src=\"https://images.fpt.shop/unsafe/filters:quality(90)/fptshop.com.vn/Uploads/images/2015/0511/Lenovo-Gaming-LOQ-15IAX9-14.jpg\" alt=\"Lenovo LOQ 2023 15IAX9 83GS001RVN (ảnh 5)\" width=\"960\" height=\"640\"></p><p>Các tính năng này không chỉ tạo ra những hình ảnh tuyệt đẹp và mượt mà trong các tựa game, mà còn giúp tối ưu hóa hiệu suất khi sáng tạo nội dung. Bạn có thể thực hiện các công việc đòi hỏi đến đồ họa cao như chỉnh sửa video, thiết kế đồ họa, hay làm việc trên các dự án sáng tạo mà không gặp phải bất kỳ trở ngại nào. Với Lenovo Gaming LOQ 15IAX9, bạn có thể chơi game, sáng tạo, làm những hoạt động đồ họa nâng cao một cách dễ dàng.</p><p><img src=\"https://images.fpt.shop/unsafe/filters:quality(90)/fptshop.com.vn/Uploads/images/2015/0511/Lenovo-Gaming-LOQ-15IAX9-1.jpg\" alt=\"Lenovo LOQ 2023 15IAX9 83GS001RVN (ảnh 6)\" width=\"960\" height=\"640\"></p><h3><strong>Tản nhiệt siêu buồng thế hệ mới</strong></h3><p>Để đảm bảo một trải nghiệm gaming mát mẻ và êm ái, Lenovo Gaming LOQ 15IAX9 đặc biệt chú trọng đến hệ thống tản nhiệt. Với một thiết kế tản nhiệt siêu buồng mới đầy đổi mới, laptop đem tới sự cách mạng trong việc quản lý nhiệt độ. Hệ thống tản nhiệt này được thiết kế với các quạt kép bố trí thổi theo hướng ngược nhau, ngăn chặn hiệu ứng của luồng khí nóng thổi vào vùng làm việc của người dùng trong những trận game căng thẳng. Đồng thời, không khí mát được đưa vào bên trong, và không khí nóng được tiếp tục thổi ra ngoài, giúp giảm nhiệt độ của laptop xuống thấp hơn khoảng 2 độ C và giảm độ ồn lên đến 2dB so với thế hệ trước. Nhờ vậy, bạn có thể duy trì hiệu suất cao khi chơi game trong thời gian dài mà vẫn được bảo đảm một môi trường yên tĩnh và thoải mái.</p><p><img src=\"https://images.fpt.shop/unsafe/filters:quality(90)/fptshop.com.vn/Uploads/images/2015/0511/Lenovo-Gaming-LOQ-15IAX9-17.jpg\" alt=\"Lenovo LOQ 2023 15IAX9 83GS001RVN (ảnh 7)\" width=\"960\" height=\"640\"></p><h3><strong>Màn hình chuẩn màu 100% sRGB, tốc độ 144Hz</strong></h3><p>Tha hồ thưởng thức trò chơi với chi tiết sống động trên màn hình 15,6 inch của Lenovo Gaming LOQ 15IAX9. Độ phân giải Full HD cùng tốc độ làm mới 144Hz là sự kết hợp lý tưởng cho game thủ, đảm bảo sự sắc nét của hình ảnh cũng như đem lại trải nghiệm mượt mà. Công nghệ NVIDIA G-SYNC và Advanced Optimus giúp đồng bộ tốc độ khung hình của trò chơi với màn hình, loại bỏ hiện tượng giật hình và xé hình, mang lại trải nghiệm chơi game mượt mà và không gây khó chịu. Đặc biệt, màn hình này còn đạt chuẩn màu 100% sRGB, hiển thị màu sắc xuất sắc, giúp các tựa game trở nên chi tiết và chân thực hơn bao giờ hết. Hãy sẵn sàng để đắm chìm vào thế giới của trò chơi với <a href=\"https://fptshop.com.vn/may-tinh-xach-tay/lenovo-gaming-loq\">Lenovo Gaming LOQ</a>, trải nghiệm mọi chi tiết như thể bạn đang sống trong một thế giới game thực sự.</p><p><img src=\"https://images.fpt.shop/unsafe/filters:quality(90)/fptshop.com.vn/Uploads/images/2015/0511/Lenovo-Gaming-LOQ-15IAX9-2.jpg\" alt=\"Lenovo LOQ 2023 15IAX9 83GS001RVN (ảnh 8)\" width=\"960\" height=\"640\"></p><h3><strong>Âm thanh Nahimic Audio 3D sống động</strong></h3><p>Trải nghiệm chơi game trên Lenovo Gaming LOQ 15IAX9 đạt đến một tầm cao mới với công nghệ âm thanh Nahimic Audio. Được tối ưu hóa đặc biệt cho game thủ, Nahimic Audio mang đến một trải nghiệm âm thanh 3D sống động, giúp nâng cao trải nghiệm, sự tập trung trong từng trận đấu. Mỗi âm thanh đều được tái tạo dưới dạng 3D, từ tiếng súng nổ cho đến tiếng động của môi trường xung quanh, tạo nên một không gian sống động và chân thực. Điều này giúp người chơi cảm nhận rõ mọi tình huống trong trò chơi, từ những tiếng bước chân của kẻ thủ đến tiếng nói của đồng đội, đem lại trải nghiệm chơi game tuyệt vời và tương tác mạnh mẽ.</p><p><img src=\"https://images.fpt.shop/unsafe/filters:quality(90)/fptshop.com.vn/Uploads/images/2015/0511/Lenovo-Gaming-LOQ-15IAX9-11.jpg\" alt=\"Lenovo LOQ 2023 15IAX9 83GS001RVN (ảnh 9)\" width=\"960\" height=\"640\"></p><h3><strong>Bước vào kỷ nguyên AI</strong></h3><p>Lenovo Gaming LOQ 15IAX9 là một trong những chiếc laptop chơi game tiên phong ứng dụng trí tuệ nhân tạo AI để quản lý hiệu năng. Sử dụng nền tảng Lenovo AI Engine+ cùng với sự hỗ trợ từ con chip AI LA1, máy tính tự động học hỏi thói quen sử dụng của người dùng, sau đó tự động phân tích và điều chỉnh phần cứng của máy dựa trên các ứng dụng hay trò chơi mà bạn thường xuyên sử dụng, từ đó tối ưu hóa hiệu suất của CPU và GPU một cách thông minh và hiệu quả nhất. Nhờ vào tính năng này, bạn không cần phải mất công thiết lập cấu hình thủ công, máy tính sẽ tự động điều chỉnh để đảm bảo mang tới trải nghiệm tốt nhất khi sử dụng.</p><p><img src=\"https://images.fpt.shop/unsafe/filters:quality(90)/fptshop.com.vn/Uploads/images/2015/0511/Lenovo-Gaming-LOQ-15IAX9-15.jpg\" alt=\"Lenovo LOQ 2023 15IAX9 83GS001RVN (ảnh 10)\" width=\"960\" height=\"640\"></p>', '<h2>Thông số kỹ thuật</h2><figure class=\"table\"><table><tbody><tr><td>Màn hình</td><td>15.6 inch, 1920 x 1080 Pixels, IPS, 144 , 300 nits, Anti -glare LED-Backlit Display</td></tr><tr><td>CPU</td><td>Intel, Core i5, 12450HX</td></tr><tr><td>RAM</td><td>12 GB, DDR5, 4800 MHz</td></tr><tr><td>Ổ cứng</td><td>SSD 512 GB</td></tr><tr><td>Đồ họa</td><td>NVIDIA GeForce RTX 3050 6GB</td></tr><tr><td>Hệ điều hành</td><td>Windows 11 Home Single Language</td></tr><tr><td>Trọng lượng</td><td>2.38 kg</td></tr><tr><td>Kích thước</td><td>359.86 x 258.7 x 21.9-23.9 mm</td></tr><tr><td>Xuất xứ</td><td>Trung Quốc</td></tr><tr><td>Năm ra mắt</td><td>2023</td></tr></tbody></table></figure>', 1),
(35, 20, 'Laptop HP 245 G10 R5-7520U/8GB/256GB/14\"FHD/Win11 (9H8X8PT)', 'laptopa.png', 20, 10290000, 9290000, '2024-06-25 13:06:38', 1, '<h2>Đặc điểm nổi bật của HP 245 G10 R5-7520U (9H8X8PT)</h2><p><img src=\"https://images.fpt.shop/unsafe/fit-in/665x374/filters:quality(100):fill(white)/fptshop.com.vn/Uploads/Originals/2024/1/17/638411047896566687_hp-245-g10-r5-7520u-6.jpg\" alt=\"Laptop HP 245 G10 R5-7520U/8GB/256GB/14&quot;FHD/Win11 (9H8X8PT)\" width=\"665\" height=\"374\"></p><p><img src=\"https://images.fpt.shop/unsafe/fit-in/665x374/filters:quality(100):fill(white)/fptshop.com.vn/Uploads/Originals/2024/1/17/638411047897972984_hp-245-g10-r5-7520u-2.jpg\" alt=\"Laptop HP 245 G10 R5-7520U/8GB/256GB/14&quot;FHD/Win11 (9H8X8PT)\" width=\"665\" height=\"374\"></p><p><img src=\"https://images.fpt.shop/unsafe/fit-in/665x374/filters:quality(100):fill(white)/fptshop.com.vn/Uploads/Originals/2024/1/17/638411047898600073_hp-245-g10-r5-7520u-4.jpg\" alt=\"Laptop HP 245 G10 R5-7520U/8GB/256GB/14&quot;FHD/Win11 (9H8X8PT)\" width=\"665\" height=\"374\"></p><p><img src=\"https://images.fpt.shop/unsafe/fit-in/665x374/filters:quality(100):fill(white)/fptshop.com.vn/Uploads/Originals/2024/1/17/638411047897347935_hp-245-g10-r5-7520u-3.jpg\" alt=\"Laptop HP 245 G10 R5-7520U/8GB/256GB/14&quot;FHD/Win11 (9H8X8PT)\" width=\"665\" height=\"374\"></p><p><img src=\"https://images.fpt.shop/unsafe/fit-in/665x374/filters:quality(100):fill(white)/fptshop.com.vn/Uploads/Originals/2024/1/17/638411047896722921_hp-245-g10-r5-7520u-5.jpg\" alt=\"Laptop HP 245 G10 R5-7520U/8GB/256GB/14&quot;FHD/Win11 (9H8X8PT)\" width=\"665\" height=\"374\"></p><p><img src=\"https://images.fpt.shop/unsafe/fit-in/665x374/filters:quality(100):fill(white)/fptshop.com.vn/Uploads/Originals/2024/1/17/638411047896410415_hp-245-g10-r5-7520u-1.jpg\" alt=\"Laptop HP 245 G10 R5-7520U/8GB/256GB/14&quot;FHD/Win11 (9H8X8PT)\" width=\"665\" height=\"374\"></p><p>&nbsp;</p><h2>Đánh giá chi tiết HP 245 G10 R5-7520U (9H8X8PT)</h2><p><strong>HP 245 G10 là chiếc laptop có mức giá bán dễ chịu, phù hợp với công việc thường ngày của bạn. Dù bạn là học sinh, sinh viên, nhân viên văn phòng hay doanh nhân thì HP 245 G10 vẫn đảm bảo cung cấp hiệu suất ấn tượng, màn hình sắc nét và kiểu dáng nhỏ gọn di động.</strong></p><p><strong><img src=\"https://images.fpt.shop/unsafe/filters:quality(90)/fptshop.com.vn/Uploads/Originals/2024/1/17/638411047896566687_hp-245-g10-r5-7520u-6.jpg\" alt=\"HP 245 G10 (ảnh 1)\" width=\"1600\" height=\"900\"></strong></p><h3><strong>Kiểu dáng nhỏ gọn, thanh lịch</strong></h3><p>Thiết kế HP 245 G10 đã có sự thay đổi đáng kể khi gọn gàng và vuông vắn hơn, mang đến vẻ đẹp nhẹ nhàng và thanh lịch. Máy vẫn giữ màu trắng bạc sang trọng cùng ngôn ngữ thiết kế đơn giản với logo <a href=\"https://fptshop.com.vn/may-tinh-xach-tay/hp\">HP</a> nổi bật trên nắp lưng. Phần viền màn hình được làm mỏng tối đa, giúp tối giản kích thước tổng thể mà không ảnh hưởng đến trải nghiệm sử dụng. Bàn phím được thiết kế tràn ra sát cạnh máy, mang lại sự thoải mái khi gõ phím. Với trọng lượng rất nhẹ chỉ 1.36kg và độ mỏng 1.79cm, HP 245 G10 là sự lựa chọn hoàn hảo cho những ai cần di chuyển nhiều, dễ dàng mang theo bất cứ đâu.</p><p><img src=\"https://images.fpt.shop/unsafe/filters:quality(90)/fptshop.com.vn/Uploads/Originals/2024/1/17/638411047896410415_hp-245-g10-r5-7520u-1.jpg\" alt=\"HP 245 G10 (ảnh 2)\" width=\"1600\" height=\"900\"></p><h3><strong>Hiệu suất đáp ứng tốt nhu cầu công việc</strong></h3><p>Hoàn toàn yên tâm về hiệu suất khi HP 245 G10 sở hữu cấu hình cực đỉnh trong tầm giá. Laptop được trang bị bộ vi xử lý AMD Ryzen 5 7520U, con chip thuộc thế hệ 7000 series đời mới. Bộ vi xử lý này không chỉ mạnh mẽ với 4 nhân 8 luồng, tốc độ xung nhịp từ 2.8GHz đến 4.3GHz, mà còn được sản xuất trên tiến trình 6nm hiện đại. Điều này giúp máy sử dụng năng lượng hiệu quả và tối ưu hóa hiệu năng. Ryzen 5 7520U rất phù hợp cho những chiếc laptop mỏng nhẹ như HP 245 G10, không chỉ đảm bảo sức mạnh mà còn giảm tỏa nhiệt, kéo dài thời lượng pin, mang đến trải nghiệm sử dụng mượt mà và bền bỉ.</p><p><img src=\"https://images.fpt.shop/unsafe/filters:quality(90)/fptshop.com.vn/Uploads/Originals/2024/1/17/638411047897972984_hp-245-g10-r5-7520u-2.jpg\" alt=\"HP 245 G10 (ảnh 3)\" width=\"1600\" height=\"900\"></p><p>Bên cạnh bộ vi xử lý ấn tượng, HP 245 G10 còn gây bất ngờ khi có sẵn 8GB RAM và SSD dung lượng 256GB. Bạn có thể tha hồ chạy đa nhiệm, làm nhiều việc cùng lúc mà <a href=\"https://fptshop.com.vn/may-tinh-xach-tay\">laptop</a> vẫn hết sức mượt mà. SSD 256GB không chỉ đảm bảo lưu trữ dữ liệu hiệu quả, lâu bền mà còn giúp tăng tốc toàn diện mọi tác vụ, từ khởi động, tắt máy cho đến khởi chạy phần mềm, sao chép dữ liệu.</p><h3><strong>Kết nối với mọi thiết bị bạn muốn</strong></h3><p>HP 245 G10 tích hợp hệ thống kết nối tiên tiến hàng đầu hiện nay, cả không dây và có dây. Laptop trang bị cổng USB Type-C; 2 cổng USB Type-A; cổng HDMI 1.4b; jack tai nghe/micro combo và mạng Wi-Fi 6. Bạn có thể dễ dàng kết nối với các thiết bị ngoại vi để làm việc hiệu quả hơn. Trong khi đó mạng Wi-Fi 6 cho phép kết nối không dây nhanh chóng, ổn định với khả năng thu sóng và tốc độ vượt trội.</p><p><img src=\"https://images.fpt.shop/unsafe/filters:quality(90)/fptshop.com.vn/Uploads/Originals/2024/1/17/638411047896722921_hp-245-g10-r5-7520u-5.jpg\" alt=\"HP 245 G10 (ảnh 4)\" width=\"1600\" height=\"900\"></p><h3><strong>Gọi video rõ ràng và sắc nét với AI</strong></h3><p>Nắm bắt xu hướng làm việc, hội họp online đang rất phổ biến hiện nay, HP 245 G10 tích hợp webcam rõ nét và micro kép có khả năng khử ồn AI. Bạn sẽ luôn xuất hiện chuyên nghiệp trong các cuộc họp với hình ảnh rõ nét nhờ camera HP độ phân giải HD dải động rộng. Micro kép vừa ghi lại giọng nói rõ ràng, lại vừa tích hợp hệ thống giảm ồn AI, lọc bỏ những tạp âm xung quanh để đối tác của bạn luôn cảm thấy hài lòng.</p><p><img src=\"https://images.fpt.shop/unsafe/filters:quality(90)/fptshop.com.vn/Uploads/Originals/2024/1/17/638411047897347935_hp-245-g10-r5-7520u-3.jpg\" alt=\"HP 245 G10 (ảnh 5)\" width=\"1600\" height=\"900\"></p><h3><strong>Thưởng thức hình ảnh sắc nét</strong></h3><p>Màn hình luôn là nơi để bạn hướng tới, dù là khi làm việc hay giải trí. Vì thế HP 245 G10 trang bị một màn hình vô cùng chất lượng với khả năng hiển thị sắc nét, trong trẻo. Tấm nền 14 inch độ phân giải Full HD tiêu chuẩn, công nghệ IPS LCD cho hình ảnh đẹp mắt, giúp bạn làm việc trực quan và giải trí hấp dẫn. Đặc biệt, màn hình này còn có viền siêu mỏng tăng hiệu ứng thị giác, để bạn tập trung hơn vào hình ảnh khi sử dụng.</p><p><img src=\"https://images.fpt.shop/unsafe/filters:quality(90)/fptshop.com.vn/Uploads/Originals/2024/1/17/638411047898600073_hp-245-g10-r5-7520u-4.jpg\" alt=\"HP 245 G10 (ảnh 6)\" width=\"1600\" height=\"900\"></p>', '<h2>Thông số kỹ thuật</h2><figure class=\"table\"><table><tbody><tr><td>Màn hình</td><td>14 inch, 1920 x 1080 Pixels, IPS, 60 , Anti-Glare</td></tr><tr><td>CPU</td><td>AMD, Ryzen 5, 7520U</td></tr><tr><td>RAM</td><td>8 GB (1 thanh 8 GB), DDR4</td></tr><tr><td>Ổ cứng</td><td>SSD 256 GB</td></tr><tr><td>Đồ họa</td><td>AMD Radeon Graphics</td></tr><tr><td>Hệ điều hành</td><td>Windows 11 Home Single Language</td></tr><tr><td>Trọng lượng</td><td>1.36 kg</td></tr><tr><td>Kích thước</td><td>32.4 x 21.5 x 1.79 cm</td></tr><tr><td>Xuất xứ</td><td>Trung Quốc</td></tr><tr><td>Năm ra mắt</td><td>2023</td></tr></tbody></table></figure>', 1),
(36, 19, 'Laptop Asus TUF Gaming FX507ZC4-HN095W i5 12500H/16GB/512GB/15.6\"/Nvidia RTX 3050 4GB/Win11', 'laptopc.png', 20, 20990000, 19990000, '2024-06-25 13:09:29', 1, '<h2>Đặc điểm nổi bật của Asus TUF Gaming FX507ZC4-HN095W i5 12500H</h2><p><img src=\"https://images.fpt.shop/unsafe/fit-in/665x374/filters:quality(100):fill(white)/fptshop.com.vn/Uploads/Originals/2023/7/14/638249405781967862_Asus%20TUF%20Gaming%20FX507ZC4-HN095W%202.png\" alt=\"Laptop Asus TUF Gaming FX507ZC4-HN095W i5 12500H/16GB/512GB/15.6&quot;/Nvidia RTX 3050 4GB/Win11\" width=\"665\" height=\"374\"></p><p><img src=\"https://images.fpt.shop/unsafe/fit-in/665x374/filters:quality(100):fill(white)/fptshop.com.vn/Uploads/Originals/2023/7/14/638249405782607910_Asus%20TUF%20Gaming%20FX507ZC4-HN095W%204.png\" alt=\"Laptop Asus TUF Gaming FX507ZC4-HN095W i5 12500H/16GB/512GB/15.6&quot;/Nvidia RTX 3050 4GB/Win11\" width=\"665\" height=\"374\"></p><p><img src=\"https://images.fpt.shop/unsafe/fit-in/665x374/filters:quality(100):fill(white)/fptshop.com.vn/Uploads/Originals/2023/7/14/638249405782848728_Asus%20TUF%20Gaming%20FX507ZC4-HN095W%203.png\" alt=\"Laptop Asus TUF Gaming FX507ZC4-HN095W i5 12500H/16GB/512GB/15.6&quot;/Nvidia RTX 3050 4GB/Win11\" width=\"665\" height=\"374\"></p><p><img src=\"https://images.fpt.shop/unsafe/fit-in/665x374/filters:quality(100):fill(white)/fptshop.com.vn/Uploads/Originals/2023/7/14/638249405783488795_Asus%20TUF%20Gaming%20FX507ZC4-HN095W%201.png\" alt=\"Laptop Asus TUF Gaming FX507ZC4-HN095W i5 12500H/16GB/512GB/15.6&quot;/Nvidia RTX 3050 4GB/Win11\" width=\"665\" height=\"374\"></p><p><img src=\"https://images.fpt.shop/unsafe/fit-in/665x374/filters:quality(100):fill(white)/fptshop.com.vn/Uploads/Originals/2023/7/14/638249405780960179_Asus%20TUF%20Gaming%20FX507ZC4-HN095W%205.png\" alt=\"Laptop Asus TUF Gaming FX507ZC4-HN095W i5 12500H/16GB/512GB/15.6&quot;/Nvidia RTX 3050 4GB/Win11\" width=\"665\" height=\"374\"></p><p>&nbsp;</p><h2>Đánh giá chi tiết Asus TUF Gaming FX507ZC4-HN095W i5 12500H</h2><p>Asus TUF Gaming FX507ZC4-HN095W sẽ luôn đồng hành dài lâu bên bạn trong mọi trận đấu và mang về chiến thắng đầy vinh quang. Chiếc <a href=\"https://fptshop.com.vn/may-tinh-xach-tay/gaming-do-hoa\">laptop gaming</a> này sở hữu cấu hình mạnh đáng mơ ước, đồng thời tích hợp nhiều thứ giúp cho những cuộc vui trong thế giới ảo của bạn thêm phần hoàn mỹ. Chỉ cần mở máy và thưởng thức những tựa game yêu thích, bạn sẽ thấy Asus TUF Gaming FX507ZC4-HN095W mạnh như thế nào.</p><h2><strong>Sẵn sàng làm chủ đấu trường ảo</strong></h2><p><strong><img src=\"https://images.fpt.shop/unsafe/filters:quality(90)/fptshop.com.vn/Uploads/images/2015/VuTT29/Asus%20TUF%20Gaming%20FX507ZC4-HN095W%202.png\" alt=\"Laptop Asus TUF Gaming FX507ZC4-HN095W\" width=\"1600\" height=\"1091\"></strong></p><p>Có phải bạn muốn những tựa game mình chơi luôn được thể hiện mượt mà ở chế độ thiết lập cấu hình cao?&nbsp;Asus TUF Gaming FX507ZC4-HN095W sẽ không làm bạn thất vọng vì cấu hình của máy gồm có những phần cứng hàng đầu như CPU Intel Core i5-12500H - 16GB RAM - SSD 512GB.</p><p>Bạn có thể dạo bước trong thế giới ảo cực kì thoải mái hoặc stream cuộc hành trình của mình lên nhiều nền tảng với vi xử lí hiệu năng cao Intel Core i5-12500H này vì nó được thiết kế để dành riêng cho nhu việc phục vụ nhu cầu chơi game trên các thiết bị mỏng - nhẹ - gọn gàng như&nbsp;Asus TUF Gaming FX507ZC4-HN095W. Intel Core i5-12500H có 12 nhân, 16 luồng, 18MB bộ nhớ đệm cùng mức xung nhịp ấn tượng 2.50GHz - 4.50GHz sẽ tiếp khởi chạy các trò chơi bạn muốn rất mượt.&nbsp;</p><h2><strong>Đồ họa sống động, chân thực đến từng chi tiết</strong></h2><p><img src=\"https://images.fpt.shop/unsafe/filters:quality(90)/fptshop.com.vn/Uploads/images/2015/VuTT29/Asus%20TUF%20Gaming%20FX507ZC4-HN095W%201.png\" alt=\"Đồ họa Asus TUF Gaming FX507ZC4-HN095W\" width=\"1560\" height=\"1200\"></p><p>Một yếu tố không thể thiếu trên chiếc <a href=\"https://fptshop.com.vn/may-tinh-xach-tay/asus\">laptop&nbsp;Asus</a> TUF Gaming FX507ZC4-HN095W này chính là card đồ họa rời NVIDIA GeForce RTX 3050 4GB GDDR6. Phần cứng đỉnh cao này sẽ mang đến những khung hình ổn định nhất cho bạn trong quá trình chơi. Đồng thời, công nghệ DLSS 3.0 có được sự hỗ trợ từ AI sẽ tự động điều chỉnh độ phân giải hình ảnh theo ý bạn với chất lượng cực kì xuất sắc. Song hành cùng DLSS 3.0 là Real-time Ray Tracing, công nghệ dò tia sáng theo thời gian thực có khả năng mô phỏng chính xác ánh sáng trong game hệt như ngoài đời để bạn càng thêm đắm chìm vào môi trường ảo ngay trước mắt. Để tối ưu hiệu năng hoạt động cao nhất trong một thiết kế gọn gàng nhất, công nghệ NVIDIA Max-Q sẽ là thứ mà bạn cần trên chiếc card đồ họa rời RTX 3050 này.</p><p>NVIDIA GeForce RTX 3050 còn được gỡ bỏ giới hạn thường thấy trong việc phải xuất hình ảnh qua card đồ họa on-board của CPU&nbsp;rồi mới tiếp tục đi đến màn hình bằng công nghệ Mux Switch. Mux Switch sẽ đóng vai trò là chiếc cầu nối trực tiếp để đưa tín hiệu hình ảnh xuất ra từ RTX 3050 đi thẳng đến màn hình và bỏ qua card đồ họa tích hợp, sau đó gia&nbsp;tăng từ&nbsp;5%-10% hiệu năng chơi game của bạn.</p><h2><strong>Tản nhiệt hiệu quả, yên tĩnh</strong></h2><p><strong><img src=\"https://images.fpt.shop/unsafe/filters:quality(90)/fptshop.com.vn/Uploads/images/2015/VuTT29/Asus%20TUF%20Gaming%20FX507ZC4-HN095W%204.png\" alt=\"tản nhiệt Asus TUF Gaming FX507ZC4-HN095W\" width=\"1600\" height=\"1182\"></strong></p><p><a href=\"https://fptshop.com.vn/may-tinh-xach-tay\">Laptop</a> Asus TUF Gaming FX507ZC4-HN095W được trang bị 2 quạt Arc Flow có thiết kế 84 cánh ở phần đáy bên dưới và 84 cánh này có độ mỏng không giống nhau nên sẽ tăng hiệu suất hoạt động lên gấp đôi, cải thiện hiệu quả khả năng tản nhiệt tổng thể trong khi không gây ra tiếng ồn lớn. Kết hợp với 4 khe thoát nhiệt cùng 5 ống tản nhiệt bằng đồng, luồng khí nóng tỏa ra khi bạn chơi các tựa game AAA với thiết lập đồ họa cao sẽ nhanh chóng di chuyển ra ngoài để bên trong máy duy trì được nhiệt độ mát mẻ nhất.</p><h2><strong>Nắm bắt trọn vẹn từng khoảnh khắc</strong></h2><p><strong><img src=\"https://images.fpt.shop/unsafe/filters:quality(90)/fptshop.com.vn/Uploads/images/2015/VuTT29/Asus%20TUF%20Gaming%20FX507ZC4-HN095W%203.png\" alt=\"Màn hình Asus TUF Gaming FX507ZC4-HN095W\" width=\"1600\" height=\"1111\"></strong></p><p>Thế giới ảo trước mắt bạn sẽ trở nên lung linh, sống động, chân thực hơn bao giờ hết.&nbsp;<a href=\"https://fptshop.com.vn/may-tinh-xach-tay/asus-tuf-gaming\">Asus TUF Gaming</a> FX507ZC4-HN095W trang bị màn hình 15.6 inch có tốc độ quét siêu mượt 144Hz và sử dụng tấm nền IPS để mang lại góc nhìn rộng 178 độ. Hiện tượng giật, lag, đứt gãy khung hình khi chơi cũng sẽ không còn vì công nghệ đồng bộ hình ảnh Adaptive-Sync sẽ đứng ra đảm nhiệm việc này. Màn hình của máy còn được phủ thêm một lớp chống chói để những hình ảnh được thể hiện ở độ phân giải Full HD 1920 x 1080 pixels luôn luôn rõ ràng, sắc nét.</p>', '<h2>Thông số kỹ thuật</h2><figure class=\"table\"><table><tbody><tr><td>Màn hình</td><td>15.6 inch, 1920 x 1080 Pixels, IPS, 144 Hz, 250 nits, Anti - Glare</td></tr><tr><td>CPU</td><td>Intel, Core i5, 12500H</td></tr><tr><td>RAM</td><td>16 GB (2 thanh 8 GB), DDR4, 3200 MHz</td></tr><tr><td>Ổ cứng</td><td>SSD 512 GB</td></tr><tr><td>Đồ họa</td><td>NVIDIA GeForce RTX 3050 4GB; Intel Iris Xe Graphics</td></tr><tr><td>Hệ điều hành</td><td>Windows 11 Home</td></tr><tr><td>Trọng lượng</td><td>2.2 kg</td></tr><tr><td>Kích thước</td><td>35.4 x 25.1 x 2.24 ~ 2.49 cm</td></tr><tr><td>Xuất xứ</td><td>Trung Quốc</td></tr><tr><td>Năm ra mắt</td><td>2022</td></tr></tbody></table></figure>', 1),
(37, 19, 'Laptop Acer Gaming Aspire 5 A515-58GM-53PZ i5 13420H/8GB/512GB/15.6\"FHD/RTX2050 4GB/Win11', 'laptopd.png', 23, 15390000, 14390000, '2024-06-25 13:12:10', 1, '<h2>Đặc điểm nổi bật của Acer Aspire 5 A515-58GM-53PZ i5 13420H</h2><p><img src=\"https://images.fpt.shop/unsafe/fit-in/665x374/filters:quality(100):fill(white)/fptshop.com.vn/Uploads/Originals/2024/4/2/638476650488107412_acer-gaming-aspire-5-a515-58gm-59qz-i5-13420h-1.jpg\" alt=\"Laptop Acer Gaming Aspire 5 A515-58GM-53PZ i5 13420H/8GB/512GB/15.6&quot;FHD/RTX2050 4GB/Win11\" width=\"665\" height=\"374\"></p><p><img src=\"https://images.fpt.shop/unsafe/fit-in/665x374/filters:quality(100):fill(white)/fptshop.com.vn/Uploads/Originals/2024/4/2/638476650488107412_acer-gaming-aspire-5-a515-58gm-59qz-i5-13420h-3.jpg\" alt=\"Laptop Acer Gaming Aspire 5 A515-58GM-53PZ i5 13420H/8GB/512GB/15.6&quot;FHD/RTX2050 4GB/Win11\" width=\"665\" height=\"374\"></p><p><img src=\"https://images.fpt.shop/unsafe/fit-in/665x374/filters:quality(100):fill(white)/fptshop.com.vn/Uploads/Originals/2024/4/2/638476650489520889_acer-gaming-aspire-5-a515-58gm-59qz-i5-13420h-4.jpg\" alt=\"Laptop Acer Gaming Aspire 5 A515-58GM-53PZ i5 13420H/8GB/512GB/15.6&quot;FHD/RTX2050 4GB/Win11\" width=\"665\" height=\"374\"></p><p><img src=\"https://images.fpt.shop/unsafe/fit-in/665x374/filters:quality(100):fill(white)/fptshop.com.vn/Uploads/Originals/2024/4/2/638476650494262740_acer-gaming-aspire-5-a515-58gm-59qz-i5-13420h-5.jpg\" alt=\"Laptop Acer Gaming Aspire 5 A515-58GM-53PZ i5 13420H/8GB/512GB/15.6&quot;FHD/RTX2050 4GB/Win11\" width=\"665\" height=\"374\"></p><p><img src=\"https://images.fpt.shop/unsafe/fit-in/665x374/filters:quality(100):fill(white)/fptshop.com.vn/Uploads/Originals/2024/4/2/638476650487794837_acer-gaming-aspire-5-a515-58gm-59qz-i5-13420h-6.jpg\" alt=\"Laptop Acer Gaming Aspire 5 A515-58GM-53PZ i5 13420H/8GB/512GB/15.6&quot;FHD/RTX2050 4GB/Win11\" width=\"665\" height=\"374\"></p><p>&nbsp;</p><h2>Đánh giá chi tiết Acer Aspire 5 A515-58GM-53PZ i5 13420H</h2><p><strong>Acer Aspire 5 A515-58GM-53PZ có giá bán và vẻ ngoài tương tự một chiếc laptop văn phòng bình thường nhưng bên trong lại sở hữu cấu hình mạnh mẽ đáng kinh ngạc. Bộ vi xử lý Intel Core i5 13420H kết hợp với card đồ họa RTX 2050 giúp Aspire 5 là sản phẩm hoàn hảo trong cả học tập lẫn chơi game.</strong></p><p><img src=\"https://images.fpt.shop/unsafe/filters:quality(90)/fptshop.com.vn/Uploads/images/2015/0511/Acer-Gaming-Aspire-5-A515-58-4.jpg\" alt=\"Acer Aspire 5 A515-58GM-53PZ (ảnh 1)\" width=\"960\" height=\"640\"></p><h3><strong>Thiết kế thời trang và di động</strong></h3><p>Vẻ ngoài của Acer Gaming Aspire 5 A515-58GM-53PZ chắc chắn sẽ khiến bạn phải bất ngờ khi chiếc laptop này mỏng nhẹ không khác gì một mẫu laptop văn phòng thông thường. Mang trên mình màn hình lớn 15,6 inch và tích hợp phần cứng cực mạnh, nhưng Acer Gaming Aspire 5 A515 có trọng lượng vỏn vẹn 1,7kg và độ mỏng chỉ 17,9mm. Kích thước này giúp laptop trở nên cơ động hơn bao giờ hết, để bạn có thể dễ dàng mang đi học, đi làm và tận hưởng niềm đam mê chơi game ở bất cứ đâu.</p><p><img src=\"https://images.fpt.shop/unsafe/filters:quality(90)/fptshop.com.vn/Uploads/images/2015/0511/Acer-Gaming-Aspire-5-A515-58-6.jpg\" alt=\"Acer Aspire 5 A515-58GM-53PZ (ảnh 2)\" width=\"960\" height=\"640\"></p><h3><strong>Chất lượng hiển thị ấn tượng</strong></h3><p>Màn hình kích thước 15,6 inch, độ phân giải Full HD sắc nét và thiết kế viền mỏng giúp bạn có những giờ phút chơi game mãn nhãn trên <a href=\"https://fptshop.com.vn/may-tinh-xach-tay/acer-gaming-aspire-5-a515-58gm-53pz-i5-13420h\">Acer Aspire 5 A515</a>. Việc sử dụng tấm nền IPS cao cấp mang đến hình ảnh trở nên tươi sáng, trong trẻo và góc nhìn rộng hơn. Acer cũng không quên tích hợp các công nghệ hỗ trợ bảo vệ mắt để bạn luôn thoải mái kể cả khi làm việc hay chơi game.</p><p><img src=\"https://images.fpt.shop/unsafe/filters:quality(90)/fptshop.com.vn/Uploads/images/2015/0511/Acer-Gaming-Aspire-5-A515-58-2.jpg\" alt=\"Acer Aspire 5 A515-58GM-53PZ (ảnh 3)\" width=\"960\" height=\"640\"></p><h3><strong>Cân tốt mọi tác vụ, từ gaming đến học tập, làm việc</strong></h3><p>Bộ vi xử lý chính là điểm khác biệt của Acer Gaming Aspire 5 A515-58GM-53PZ khi đặt cạnh các đối thủ trong tầm giá. Aspire 5 thế hệ mới trang bị con chip Intel Core i5 13420H. Đây không chỉ là bộ vi xử lý Gen 13 Raptor Lake đời mới mà còn là con chip dòng H chuyên dụng cho laptop cao cấp hiệu năng cao. Intel Core i5 13420H có tới 8 lõi 12 luồng, tốc độ tối đa 4.60 GHz, công suất Turbo tối đa lên tới 95 W điện, cho hiệu suất mạnh mẽ tương đương máy tính để bàn. Sức mạnh từ CPU này mang lại thoải mái để bạn chơi game hay làm các tác vụ công việc nặng, phục vụ tối ưu cho mọi tác vụ.</p><p><img src=\"https://images.fpt.shop/unsafe/filters:quality(90)/fptshop.com.vn/Uploads/images/2015/0511/Acer-Gaming-Aspire-5-A515-58-1.jpg\" alt=\"Acer Aspire 5 A515-58GM-53PZ (ảnh 4)\" width=\"960\" height=\"640\"></p><h3><strong>Hiệu ứng đồ họa chân thực với Ray Tracing</strong></h3><p>Card đồ họa RTX với công nghệ dò tia (Ray Tracing) chính là “kim chỉ nam” cho lĩnh vực chơi game hiện nay khi tái tạo đường đi của ánh sáng, mô phỏng chính xác, mang đến đồ họa chân thực hơn bao giờ hết. Giờ đây RTX đã được đưa lên những chiếc máy tính chơi game giá rẻ như Acer Aspire 5 A515-58GM-53PZ, để bạn được trải nghiệm các công nghệ tiên tiến và hiệu ứng đồ họa chơi game xuất sắc. Card rời RTX 2050 đủ để bạn chơi tốt các game Online/Esports hiện nay và khá nhiều game AAA ở thiết lập hợp lý. Ngoài ra các hoạt động sáng tạo như chỉnh sửa ảnh, biên tập video cũng được “hưởng lợi” từ sức mạnh của card đồ họa này.</p><p><img src=\"https://images.fpt.shop/unsafe/filters:quality(90)/fptshop.com.vn/Uploads/images/2015/0511/Acer-Gaming-Aspire-5-A515-58-9.jpg\" alt=\"Acer Aspire 5 A515-58GM-53PZ (ảnh 5)\" width=\"960\" height=\"640\"></p><h3><strong>Được xây dựng cho các cuộc đàm thoại video</strong></h3><p>Nắm bắt được xu thế của thời đại khi bạn thường xuyên phải tham gia những buổi học hay cuộc họp online, Acer Gaming Aspire 5 A515 sở hữu webcam và micro rõ nét cùng hàng loạt công nghệ tiên tiến. Các giải pháp thông minh được hỗ trợ bởi AI kết hợp với các công nghệ độc quyền như gọi video bằng Acer PurifiedView hay micro kỹ thuật số kép Acer PurifiedVoice giúp bạn luôn xuất hiện sắc nét trong khung hình, đồng thời ghi lại âm thanh cuộc trò chuyện rõ ràng. Thậm chí AI còn có thể căn khung hình tự động, làm mờ hậu cảnh hay điều chỉnh ánh mắt để các cuộc gọi video trở nên sinh động và thú vị hơn.</p><p><img src=\"https://images.fpt.shop/unsafe/filters:quality(90)/fptshop.com.vn/Uploads/images/2015/0511/Acer-Gaming-Aspire-5-A515-58-7.jpg\" alt=\"Acer Aspire 5 A515-58GM-53PZ (ảnh 6)\" width=\"960\" height=\"640\"></p><h3><strong>Hoạt động hiệu quả trong thời gian dài</strong></h3><p>Được thừa hưởng công nghệ từ dòng laptop chơi game cao cấp Acer Predator, Aspire 5 có khả năng tản nhiệt hàng đầu phân khúc nhờ hai quạt và hệ thống ống đồng lớn, giúp tản được lượng nhiệt đáng kể trong thời gian ngắn. Đồng thời bàn phím trang bị khe hút gió khiến luồng không khí luôn được lưu thông, đảm bảo hệ thống các linh kiện chính bên trong như CPU, GPU luôn được giải tỏa áp lực dù là chơi game liên tục trong thời gian dài.</p><p><img src=\"https://images.fpt.shop/unsafe/filters:quality(90)/fptshop.com.vn/Uploads/images/2015/0511/Acer-Gaming-Aspire-5-A515-58-12.jpg\" alt=\"Acer Aspire 5 A515-58GM-53PZ (ảnh 7)\" width=\"960\" height=\"640\"></p>', '<h2>Thông số kỹ thuật</h2><figure class=\"table\"><table><tbody><tr><td>Màn hình</td><td>15.6 inch, 1920 x 1080 Pixels, IPS, 60 , FHD+</td></tr><tr><td>CPU</td><td>Intel, Core i5, 13420H</td></tr><tr><td>RAM</td><td>8 GB, DDR4</td></tr><tr><td>Ổ cứng</td><td>SSD 512 GB</td></tr><tr><td>Đồ họa</td><td>NVIDIA GeForce RTX 2050 4GB GDDR6; Intel UHD Graphics</td></tr><tr><td>Hệ điều hành</td><td>Windows 11 Home</td></tr><tr><td>Trọng lượng</td><td>1.7 kg</td></tr><tr><td>Kích thước</td><td>361 x 237 x 17.9 mm</td></tr><tr><td>Xuất xứ</td><td>Trung Quốc</td></tr><tr><td>Năm ra mắt</td><td>2023</td></tr></tbody></table></figure>', 1),
(38, 20, 'Laptop Lenovo IdeaPad 3 14IAH8 i5 12450H/16GB/512GB/14\"FHD/Win11', 'laptope.png', 22, 13890000, 12890000, '2024-06-25 13:14:11', 1, '<h2>Đặc điểm nổi bật của Lenovo IdeaPad 3 14IAH8 i5 12450H (83EQ0005VN)</h2><p><img src=\"https://images.fpt.shop/unsafe/fit-in/665x374/filters:quality(100):fill(white)/fptshop.com.vn/Uploads/Originals/2023/12/8/638376437894142923_lenovo-ideapad-3-14iah8-i5-12450h-2.jpg\" alt=\"Laptop Lenovo IdeaPad 3 14IAH8 i5 12450H/16GB/512GB/14&quot;FHD/Win11\" width=\"665\" height=\"374\"></p><p><img src=\"https://images.fpt.shop/unsafe/fit-in/665x374/filters:quality(100):fill(white)/fptshop.com.vn/Uploads/Originals/2023/12/8/638376437898990615_lenovo-ideapad-3-14iah8-i5-12450h-1.jpg\" alt=\"Laptop Lenovo IdeaPad 3 14IAH8 i5 12450H/16GB/512GB/14&quot;FHD/Win11\" width=\"665\" height=\"374\"></p><p><img src=\"https://images.fpt.shop/unsafe/fit-in/665x374/filters:quality(100):fill(white)/fptshop.com.vn/Uploads/Originals/2023/12/8/638376437893511043_lenovo-ideapad-3-14iah8-i5-12450h-4.jpg\" alt=\"Laptop Lenovo IdeaPad 3 14IAH8 i5 12450H/16GB/512GB/14&quot;FHD/Win11\" width=\"665\" height=\"374\"></p><p><img src=\"https://images.fpt.shop/unsafe/fit-in/665x374/filters:quality(100):fill(white)/fptshop.com.vn/Uploads/Originals/2023/12/8/638376437893511043_lenovo-ideapad-3-14iah8-i5-12450h-5.jpg\" alt=\"Laptop Lenovo IdeaPad 3 14IAH8 i5 12450H/16GB/512GB/14&quot;FHD/Win11\" width=\"665\" height=\"374\"></p><p><img src=\"https://images.fpt.shop/unsafe/fit-in/665x374/filters:quality(100):fill(white)/fptshop.com.vn/Uploads/Originals/2023/12/8/638376437893198526_lenovo-ideapad-3-14iah8-i5-12450h-3.jpg\" alt=\"Laptop Lenovo IdeaPad 3 14IAH8 i5 12450H/16GB/512GB/14&quot;FHD/Win11\" width=\"665\" height=\"374\"></p><p>&nbsp;</p><h2>Đánh giá chi tiết Lenovo IdeaPad 3 14IAH8 i5 12450H (83EQ0005VN)</h2><p><a href=\"https://fptshop.com.vn/may-tinh-xach-tay/lenovo-ideapad-3-14iah8-i5-12450h\"><strong>Lenovo IdeaPad 3 14IAH8</strong></a><strong> là chiếc laptop cực bền với thiết kế đạt tiêu chuẩn quân sự, tính di động cao lý tưởng cho cả đi học và đi làm. Nhờ hiệu suất cực mạnh từ CPU Core i5 Gen 12 và 16GB RAM, bạn có thể xử lý công việc nhanh như chớp, thoải mái trong hoạt động đa nhiệm.</strong></p><p><strong><img src=\"https://images.fpt.shop/unsafe/filters:quality(90)/fptshop.com.vn/Uploads/images/2015/0511/Lenovo-IdeaPad-Slim-3-14IAH8-10.jpg\" alt=\"Lenovo IdeaPad 3 14IAH8 (ảnh 1)\" width=\"1500\" height=\"1000\"></strong></p><h3><strong>Mỏng nhẹ nhưng vô cùng chắc chắn</strong></h3><p>Cho dù bạn đi đến thư viện, quán café, giảng đường hay văn phòng thì Lenovo IdeaPad 3 14IAH8 vẫn luôn đồng hành một cách nhẹ nhàng. Laptop mỏng hơn 10% so với thế hệ trước, với độ mỏng chỉ 1,79 cm và trọng lượng 1,37kg, rất nhẹ nhàng nhưng không kém phần cứng cáp. Lenovo IdeaPad 3 14IAH8 được thiết kế theo độ bền chuẩn quân đội, có thể chống sốc, bụi và các điều kiện khắc nghiệt. Phiên bản màu xám bạc thời thượng và kiểu dáng thanh lịch giúp <a href=\"https://fptshop.com.vn/may-tinh-xach-tay\">laptop</a> thêm phần bắt mắt.</p><p><img src=\"https://images.fpt.shop/unsafe/filters:quality(90)/fptshop.com.vn/Uploads/images/2015/0511/Lenovo-IdeaPad-Slim-3-14IAH8-8.jpg\" alt=\"Lenovo IdeaPad 3 14IAH8 (ảnh 2)\" width=\"1328\" height=\"886\"></p><h3><strong>Hiệu suất ấn tượng cho làm việc và giải trí đa phương tiện</strong></h3><p>Với Lenovo IdeaPad Slim 3i 14IAH8, bạn có thể hoàn thành mọi công việc một cách dễ dàng. Bộ vi xử lý Intel Core i5 12450H vốn thường chỉ có mặt trên laptop gaming mang đến sức mạnh vượt trội cho chiếc máy tính di động của bạn. Con chip này thuộc thế hệ thứ 12 Alder Lake, sở hữu tới 8 lõi 12 luồng, tốc độ tối đa 4.40 GHz và đạt TDP tối đa lên đến 95W. Sức mạnh tương đương laptop chơi game giúp mọi thứ đều diễn ra nhanh chóng, trơn tru và liền mạch, đáp ứng hoàn hảo tất cả yêu cầu của bạn bất cứ lúc nào.</p><p><img src=\"https://images.fpt.shop/unsafe/filters:quality(90)/fptshop.com.vn/Uploads/images/2015/0511/Lenovo-IdeaPad-Slim-3-14IAH8-1.jpg\" alt=\"Lenovo IdeaPad 3 14IAH8 (ảnh 3)\" width=\"1182\" height=\"788\"></p><p>Để tối đa năng suất làm việc, IdeaPad Slim 3i trang bị tới 16GB RAM DDR5 4800 MHz. Dung lượng RAM lớn, chuẩn mới băng thông cao giúp việc đa nhiệm trên IdeaPad Slim 3 14IAH8 được lên một tầm cao mới. Bạn có thể mở cùng lúc rất nhiều ứng dụng, hoàn thành nhiều công việc mà không lo lag giật. Lenovo IdeaPad Slim 3 giúp bạn phát huy tối đa tiềm năng bản thân.</p><p><img src=\"https://images.fpt.shop/unsafe/filters:quality(90)/fptshop.com.vn/Uploads/images/2015/0511/Lenovo-IdeaPad-Slim-3-14IAH8-3.jpg\" alt=\"Lenovo IdeaPad 3 14IAH8 (ảnh 4)\" width=\"1276\" height=\"850\"></p><h3><strong>Màn hình rực rỡ, âm thanh sống động</strong></h3><p>Màn hình Lenovo IdeaPad Slim 3 14IAH8 có kích thước 14 inch, độ phân giải Full HD rõ nét, cho bạn không gian làm việc lý tưởng khi hiển thị được thêm rất nhiều nội dung, hình ảnh sắc nét và rõ ràng. Dù là làm việc với văn bản, các phần mềm hay duyệt web, mọi thứ cũng đều trực quan và hấp dẫn hơn. Màn hình này được chứng nhận TUV về phát xạ ánh sáng xanh thấp, để bạn làm việc lâu dài mà không bị mỏi mắt.</p><p><img src=\"https://images.fpt.shop/unsafe/filters:quality(90)/fptshop.com.vn/Uploads/images/2015/0511/Lenovo-IdeaPad-Slim-3-14IAH8-5.jpg\" alt=\"Lenovo IdeaPad 3 14IAH8 (ảnh 5)\" width=\"1500\" height=\"1000\"></p><p>Bên cạnh làm việc, Lenovo IdeaPad Slim 3 còn là thiết bị giải trí tuyệt vời. Màn hình sắc nét viền siêu mỏng cho hình ảnh thêm phần sống động, đặc biệt là khi bạn xem phim hay chơi game. Không chỉ hình ảnh, hệ thống âm thanh Dolby Audio mang tới chất lượng âm thanh chuẩn rạp chiếu phim, tha hồ thưởng thức chất lượng tuyệt hảo cả phần nhìn và phần nghe trong những phút giây giải trí của riêng bạn.</p><p><img src=\"https://images.fpt.shop/unsafe/filters:quality(90)/fptshop.com.vn/Uploads/images/2015/0511/Lenovo-IdeaPad-Slim-3-14IAH8-2.jpg\" alt=\"Lenovo IdeaPad 3 14IAH8 (ảnh 6)\" width=\"1272\" height=\"848\"></p><h3><strong>Loạt tính năng thông minh</strong></h3><p>Lenovo IdeaPad Slim 3 14IAH8 hướng tới mục đích mang đến một phương tiện để bạn làm việc thông minh và an toàn hơn. Bạn sẽ có bàn phím thiết kế công thái học, cho trải nghiệm nhập liệu nhanh chóng. Bàn di chuột kích thước cực lớn, thao tác thoải mái và dễ dàng. Với công nghệ sạc nhanh Rapid Charge Boost, Lenovo IdeaPad 3 14IAH8 chỉ mất 15 phút sạc để cho bạn thêm 2 giờ sử dụng.</p><p><img src=\"https://images.fpt.shop/unsafe/filters:quality(90)/fptshop.com.vn/Uploads/images/2015/0511/Lenovo-IdeaPad-Slim-3-14IAH8-6.jpg\" alt=\"Lenovo IdeaPad 3 14IAH8 (ảnh 7)\" width=\"1400\" height=\"934\"></p><p>Nắm bắt xu hướng làm việc online hiện tại, IdeaPad Slim 3 có khả năng gọi video chất lượng cao nhờ webcam Full HD sắc nét. Trong các cuộc gọi video, bạn cũng có thể làm mờ phông nền, cho hiệu ứng hình ảnh nổi bật hơn, đồng thời khử tiếng ồn thông minh từ cả hai phía. Tính bảo mật cũng được đề cao khi bạn có một màn trập vật lý khóa webcam khi không sử dụng, tránh việc bị xâm hại hình ảnh.</p><p><img src=\"https://images.fpt.shop/unsafe/filters:quality(90)/fptshop.com.vn/Uploads/images/2015/0511/Lenovo-IdeaPad-Slim-3-14IAH8-7.jpg\" alt=\"Lenovo IdeaPad 3 14IAH8 (ảnh 8)\" width=\"1500\" height=\"1000\"></p><p>Hệ thống máy tính <a href=\"https://fptshop.com.vn/may-tinh-xach-tay/lenovo-ideapad\">Lenovo IdeaPad</a> được điều khiển bởi công nghệ Lenovo AI Engine, áp dụng trí tuệ nhân tạo để tối ưu hóa hiệu năng. Tính năng Smart Power sẽ điều chỉnh hiệu năng hệ thống, thời lượng pin và nhiệt độ theo thời gian thực tùy theo mức độ của bạn. Tính năng Smart Wireless cho bạn kết nối lâu và ổn định hơn. Các tính năng Tự phục hồi và Bảo vệ tệp tin sẽ bảo vệ dữ liệu của bạn, không lo bị tin tặc hack hay xâm nhập.</p><p><img src=\"https://images.fpt.shop/unsafe/filters:quality(90)/fptshop.com.vn/Uploads/images/2015/0511/Lenovo-IdeaPad-Slim-3-14IAH8-4.jpg\" alt=\"Lenovo IdeaPad 3 14IAH8 (ảnh 9)\" width=\"1122\" height=\"748\"></p>', '<h2>Thông số kỹ thuật</h2><figure class=\"table\"><table><tbody><tr><td>Màn hình</td><td>14.0 inch, 1920 x 1080 Pixels, IPS, 60 Hz, 300 nits, Anti - Glare</td></tr><tr><td>CPU</td><td>Intel, Core i5, 12450H</td></tr><tr><td>RAM</td><td>16 GB (2 thanh 8 GB), DDR5, 4800 MHz</td></tr><tr><td>Ổ cứng</td><td>SSD 512 GB</td></tr><tr><td>Đồ họa</td><td>Intel UHD Graphics</td></tr><tr><td>Hệ điều hành</td><td>Windows 11 Home Single Language</td></tr><tr><td>Trọng lượng</td><td>1.37 kg</td></tr><tr><td>Kích thước</td><td>324.3 x 213.8 x 17.9 mm</td></tr><tr><td>Xuất xứ</td><td>Trung Quốc</td></tr><tr><td>Năm ra mắt</td><td>2023</td></tr></tbody></table></figure>', 1);
INSERT INTO `products` (`product_id`, `category_id`, `name`, `image`, `quantity`, `price`, `sale_price`, `create_date`, `views`, `details`, `short_description`, `status`) VALUES
(39, 20, 'Laptop Dell Vostro V3520 i5 1235U/16GB/512GB/15.6\"FHD/Win11/Office HS21', 'dell.png', 22, 16490000, 15490000, '2024-06-25 14:34:43', 0, '<h2>Đặc điểm nổi bật của Dell Vostro V3520 i5 1235U_71030559</h2><p><img src=\"https://images.fpt.shop/unsafe/fit-in/665x374/filters:quality(100):fill(white)/fptshop.com.vn/Uploads/Originals/2024/4/12/638485367163654759_Dell-vostro-v3520-slide.jpg\" alt=\"Laptop Dell Vostro V3520 i5 1235U/16GB/512GB/15.6&quot;FHD/Win11/Office HS21\" width=\"665\" height=\"374\"></p><p><img src=\"https://images.fpt.shop/unsafe/fit-in/665x374/filters:quality(100):fill(white)/fptshop.com.vn/Uploads/Originals/2023/8/1/638264876649055396_dell-vostro-15-v3520-i5-1235u-thiet-ke.png\" alt=\"Laptop Dell Vostro V3520 i5 1235U/16GB/512GB/15.6&quot;FHD/Win11/Office HS21\" width=\"665\" height=\"374\"></p><p><img src=\"https://images.fpt.shop/unsafe/fit-in/665x374/filters:quality(100):fill(white)/fptshop.com.vn/Uploads/Originals/2023/8/1/638264876671087914_dell-vostro-15-v3520-i5-1235u-pin.png\" alt=\"Laptop Dell Vostro V3520 i5 1235U/16GB/512GB/15.6&quot;FHD/Win11/Office HS21\" width=\"665\" height=\"374\"></p><p><img src=\"https://images.fpt.shop/unsafe/fit-in/665x374/filters:quality(100):fill(white)/fptshop.com.vn/Uploads/Originals/2023/8/1/638264876661115691_dell-vostro-15-v3520-i5-1235u-ban-phim.png\" alt=\"Laptop Dell Vostro V3520 i5 1235U/16GB/512GB/15.6&quot;FHD/Win11/Office HS21\" width=\"665\" height=\"374\"></p><p><img src=\"https://images.fpt.shop/unsafe/fit-in/665x374/filters:quality(100):fill(white)/fptshop.com.vn/Uploads/Originals/2023/8/1/638264876653280122_dell-vostro-15-v3520-i5-1235u-ket-noi.png\" alt=\"Laptop Dell Vostro V3520 i5 1235U/16GB/512GB/15.6&quot;FHD/Win11/Office HS21\" width=\"665\" height=\"374\"></p><p><img src=\"https://images.fpt.shop/unsafe/fit-in/665x374/filters:quality(100):fill(white)/fptshop.com.vn/Uploads/Originals/2023/8/1/638264876660021811_dell-vostro-15-v3520-i5-1235u-man-hinh.png\" alt=\"Laptop Dell Vostro V3520 i5 1235U/16GB/512GB/15.6&quot;FHD/Win11/Office HS21\" width=\"665\" height=\"374\"></p><p>&nbsp;</p><h2>Đánh giá chi tiết Dell Vostro V3520 i5 1235U_71030559</h2><p><strong>Dell Vostro 15 3520 là lựa chọn laptop văn phòng màn hình lớn, cấu hình ấn tượng với bộ vi xử lý Intel Core i5 Gen 12, RAM 16GB và màn hình 15,6 inch Full HD 120 Hz siêu mượt. Kết hợp với thiết kế đẳng cấp từ Dell, bạn sẽ có một lựa chọn laptop đáng tin cậy cho công việc.</strong></p><p><strong><img src=\"https://images.fpt.shop/unsafe/filters:quality(90)/fptshop.com.vn/Uploads/images/2015/0511/Dell-Vostro-V3520-fpt-3.jpg\" alt=\"Dell Vostro 3520 (ảnh 1)\" width=\"960\" height=\"640\"></strong></p><h3><strong>Hiệu suất mạnh mẽ cho công việc</strong></h3><p><a href=\"https://fptshop.com.vn/may-tinh-xach-tay/dell-vostro-v3520-i5-1235u\">Dell Vostro 3520</a> sẵn sàng để làm tốt những công việc chuyên nghiệp, các tác vụ đòi hỏi hiệu năng cao nhờ bộ vi xử lý Intel Core i5 1235U. Đây là con chip dựa trên kiến trúc Alder Lake thế hệ thứ 12 mới, bao gồm 10 nhân, trong đó có 2 nhân hiệu suất (P) và 8 nhân hiệu quả (E). Các lõi P hỗ trợ công nghệ siêu phân luồng, mang tới tổng cộng 12 luồng khi kết hợp với các lõi E. Tốc độ xung nhịp cao ở mức 1,3 – 4,4 GHz trên lõi P và 0,9 – 3,3 GHz trên lõi E. Với việc nhiều lõi nhiều luồng và chia thành các loại nhân với tốc độ khác nhau, Dell Vostro 3520 không chỉ mạnh mẽ hơn thế hệ trước mà còn sử dụng năng lượng hiệu quả, tiết kiệm điện hơn.</p><p><img src=\"https://images.fpt.shop/unsafe/filters:quality(90)/fptshop.com.vn/Uploads/images/2015/0511/Dell-Vostro-V3520-fpt-6.jpg\" alt=\"Dell Vostro 3520 (ảnh 2)\" width=\"960\" height=\"640\"></p><h3><strong>Thoải mái đa nhiệm với 16GB RAM</strong></h3><p>Dell Vostro 3520 trang bị sẵn tới 16GB RAM, đảm bảo hoạt động làm việc đa nhiệm của bạn diễn ra trôi chảy. Bạn có thể làm nhiều việc cùng lúc, mở nhiều ứng dụng, duyệt web nhiều tab mà không sợ lag giật do thiếu RAM. Đi cùng với đó là SSD M.2 tốc độ cực nhanh, để bạn không cần phải chờ đợi khi khởi động máy, mở ứng dụng, … Dung lượng lưu trữ 512GB cũng là thoải mái cho hầu hết các nhu cầu.</p><p><img src=\"https://images.fpt.shop/unsafe/filters:quality(90)/fptshop.com.vn/Uploads/images/2015/0511/Dell-Vostro-V3520-fpt-12.jpg\" alt=\"Dell Vostro 3520 (ảnh 3)\" width=\"960\" height=\"640\"></p><h3><strong>Nâng cao trải nghiệm người dùng</strong></h3><p><a href=\"https://fptshop.com.vn/may-tinh-xach-tay/dell\">Laptop Dell</a> được chế tạo để người dùng có được trải nghiệm thoải mái nhất. Thiết kế gọn gàng với viền màn hình mỏng 3 cạnh, xung quanh máy có các đường vân để cầm bám tay hơn, hạn chế tối đa trầy xước. Bàn di chuột và bàn phím lớn cho bạn thao tác chính xác. Ngoài ra, bản lề nâng sẽ tự động nâng máy lên một góc nhỏ để giúp cổ tay thoải mái hơn, đồng thời tăng cường lưu thông không khí, tản nhiệt hiệu quả. Bàn phím chống tràn sẽ hạn chế tối đa rủi ro khi vô tình bị đổ nước hay chất lỏng. Màn hình máy tính cũng được chứng nhận chuẩn TUV Rheinland về giảm phát xạ ánh sáng xanh, kết hợp với phần mềm Dell ComfortView sẽ giúp đôi mắt bạn luôn thoải mái dù sử dụng trong thời gian dài.</p><p><img src=\"https://images.fpt.shop/unsafe/filters:quality(90)/fptshop.com.vn/Uploads/images/2015/0511/Dell-Vostro-V3520-fpt-8.jpg\" alt=\"Dell Vostro 3520 (ảnh 4)\" width=\"960\" height=\"640\"></p><h3><strong>Màn hình hiển thị đẹp, thao tác mượt mà</strong></h3><p>Màn hình là một bước tiến lớn của thế hệ Dell Vostro 3520 khi phiên bản mới nhất của dòng Vostro 3000 series có sự cải tiến toàn diện về hiển thị. Thiết kế viền màn hình mỏng cả 4 cạnh không chỉ nâng tầm trải nghiệm thị giác của bạn lên một tầm cao mới mà còn giúp laptop nhỏ gọn hơn đáng kể. Chất lượng hiển thị hết sức ấn tượng với tấm nền 15,6 inch Full HD WVA góc rộng, độ chi tiết cao, màu sắc sống động. Chưa hết, Dell Vostro 15 3520 còn là chiếc laptop văn phòng hiếm hoi trang bị màn hình 120Hz, mang đến sự mượt mà trong từng thao tác kéo thả, chuyển cảnh, để bạn làm việc dễ dàng và thoải mái hơn.</p><p><img src=\"https://images.fpt.shop/unsafe/filters:quality(90)/fptshop.com.vn/Uploads/images/2015/0511/Dell-Vostro-V3520-fpt-2.jpg\" alt=\"Dell Vostro 3520 (ảnh 5)\" width=\"960\" height=\"640\"></p><h3><strong>Thân máy mỏng nhưng vẫn đầy đủ kết nối</strong></h3><p>Trên một thân máy mỏng, Dell Vostro 3520 vẫn tích hợp đầy đủ các cổng kết nối, bao gồm đầu đọc thẻ SD; 3 cổng USB, jack tai nghe 3.5mm, khe khóa và đặc biệt là cả cổng mạng LAN RJ-45. Cổng mạng LAN truyền thống thường bị cắt bỏ trong hầu hết laptop hiện nay, mặc dù đây là cổng kết nối khá quan trọng dành cho những người cần nguồn mạng ổn định. Thật may là <a href=\"https://fptshop.com.vn/may-tinh-xach-tay/dell-vostro\">Dell Vostro</a> vẫn giữ lại cổng kết nối này để người dùng sử dụng mạng dây khi cần thiết.</p><p><img src=\"https://images.fpt.shop/unsafe/filters:quality(90)/fptshop.com.vn/Uploads/images/2015/0511/Dell-Vostro-V3520-fpt-9.jpg\" alt=\"Dell Vostro 3520 (ảnh 6)\" width=\"960\" height=\"640\"></p><h3><strong>Tốc độ sạc cực nhanh</strong></h3><p>Dell Vostro 15 3520 có thời lượng pin khoảng 5 – 6 giờ đồng hồ. Bên cạnh đó, laptop còn hỗ trợ công nghệ sạc nhanh Express Charge. Chỉ mất 1 giờ đồng hồ để bạn sạc được từ 0 lên 80%. Nhờ vậy, máy tính luôn đủ năng lượng để bạn làm việc cả ngày, tham gia những cuộc họp kéo dài hay làm việc trên máy bay khi đang di chuyển.</p><p><img src=\"https://images.fpt.shop/unsafe/filters:quality(90)/fptshop.com.vn/Uploads/images/2015/0511/Dell-Vostro-V3520-fpt-19.jpg\" alt=\"Dell Vostro 3520 (ảnh 7)\" width=\"960\" height=\"640\"></p><h3><strong>Bảo mật an toàn</strong></h3><p>Là phương tiện chính để làm việc, giải trí, Dell Vostro 3520 tôn trọng thông tin cá nhân của bạn với nền tảng bảo mật tối tân. <a href=\"https://fptshop.com.vn/may-tinh-xach-tay\">Laptop</a> trang bị Trusted Platform Module 2.0, chip bảo mật cấp thương mại được cài đặt ngay trên bo mạch chủ để lưu trữ và mã hóa mật khẩu của bạn. Ngay từ trước khi khởi động, TPM 2.0 đã kiểm tra lại các mối nguy hại để bảo vệ dữ liệu trước các cuộc tấn công từ phần mềm bên ngoài. Nhờ thế, bạn có thể yên tâm về bảo mật trên Dell Vostro 3520.</p><p><img src=\"https://images.fpt.shop/unsafe/filters:quality(90)/fptshop.com.vn/Uploads/images/2015/0511/Dell-Vostro-V3520-fpt-1.jpg\" alt=\"Dell Vostro 3520 (ảnh 8)\" width=\"960\" height=\"640\"></p>', '<h2>Thông số kỹ thuật</h2><figure class=\"table\"><table><tbody><tr><td>Màn hình</td><td>15.6 inch, FHD (1920 x 1080), WVA, 120 , 250 nits, Anti-Glare LED-Backlit Display</td></tr><tr><td>CPU</td><td>Intel, Core i5, 1235U</td></tr><tr><td>RAM</td><td>16 GB, DDR4</td></tr><tr><td>Ổ cứng</td><td>SSD 512 GB</td></tr><tr><td>Đồ họa</td><td>Intel Iris Xe Graphics</td></tr><tr><td>Hệ điều hành</td><td>Windows 11 Home Single Language</td></tr><tr><td>Trọng lượng</td><td>1.9 kg</td></tr><tr><td>Kích thước</td><td>35.85 x 23.49 x 1.75 cm</td></tr><tr><td>Xuất xứ</td><td>Trung Quốc</td></tr><tr><td>Năm ra mắt</td><td>2022</td></tr></tbody></table></figure>', 1),
(40, 19, 'Laptop MSI Modern 14 C7M-221VN R7 7730U/8GB/512GB/14\" FHD IPS/Win 11', 'msi.png', 44, 11990000, 10990000, '2024-06-25 14:36:26', 3, '<h2>Đặc điểm nổi bật của MSI Modern 14 C7M-221VN R7 7730U</h2><p><img src=\"https://images.fpt.shop/unsafe/fit-in/665x374/filters:quality(100):fill(white)/fptshop.com.vn/Uploads/Originals/2023/4/5/638162931276997483_msi-modern-14-c13m-458vn-i5-1335u-thiet-ke.jpg\" alt=\"Laptop MSI Modern 14 C7M-221VN R7 7730U/8GB/512GB/14&quot; FHD IPS/Win 11\" width=\"665\" height=\"374\"></p><p><img src=\"https://images.fpt.shop/unsafe/fit-in/665x374/filters:quality(100):fill(white)/fptshop.com.vn/Uploads/Originals/2023/4/5/638162931277466488_msi-modern-14-c13m-458vn-i5-1335u-ban-phim.jpg\" alt=\"Laptop MSI Modern 14 C7M-221VN R7 7730U/8GB/512GB/14&quot; FHD IPS/Win 11\" width=\"665\" height=\"374\"></p><p><img src=\"https://images.fpt.shop/unsafe/fit-in/665x374/filters:quality(100):fill(white)/fptshop.com.vn/Uploads/Originals/2023/4/5/638162931279037176_msi-modern-14-c13m-458vn-i5-1335u-am-thanh.jpg\" alt=\"Laptop MSI Modern 14 C7M-221VN R7 7730U/8GB/512GB/14&quot; FHD IPS/Win 11\" width=\"665\" height=\"374\"></p><p><img src=\"https://images.fpt.shop/unsafe/fit-in/665x374/filters:quality(100):fill(white)/fptshop.com.vn/Uploads/Originals/2023/4/5/638162931276528895_msi-modern-14-c13m-458vn-i5-1335u-ket-noi.jpg\" alt=\"Laptop MSI Modern 14 C7M-221VN R7 7730U/8GB/512GB/14&quot; FHD IPS/Win 11\" width=\"665\" height=\"374\"></p><p><img src=\"https://images.fpt.shop/unsafe/fit-in/665x374/filters:quality(100):fill(white)/fptshop.com.vn/Uploads/Originals/2023/10/24/638337443887770183_638162931279517444_msi-modern-14-c13m-458vn-i5-1335u-hieu-nang-1.jpg\" alt=\"Laptop MSI Modern 14 C7M-221VN R7 7730U/8GB/512GB/14&quot; FHD IPS/Win 11\" width=\"665\" height=\"374\"></p><p>&nbsp;</p><h2>Đánh giá chi tiết MSI Modern 14 C7M-221VN R7 7730U</h2><p><strong>MSI Modern 14 C7M-221VN mang đến bất ngờ lớn khi tích hợp bộ vi xử lý Ryzen 7 7000 series cao cấp trong giá bán tầm trung. Bạn sẽ có thể làm việc nhanh hơn, nâng cao năng suất và luôn có được trải nghiệm mượt mà khi sử dụng.</strong></p><p><strong><img src=\"https://images.fpt.shop/unsafe/filters:quality(90)/fptshop.com.vn/Uploads/images/2015/0511/MSI-Modern-14-C13M-fpt-15.jpg\" alt=\"MSI Modern 14 C7M-221VN (ảnh 1)\" width=\"1600\" height=\"1066\"></strong></p><h3><strong>Cấu hình cao cấp cho những hoạt động chuyên nghiệp</strong></h3><p>So với các đối thủ cùng phân khúc, MSI Modern 14 C7M-221VN thể hiện hiệu năng khác biệt nhờ bộ vi xử lý AMD Ryzen 7 7730U. Đây là con chip cao cấp với 8 nhân 16 luồng, tốc độ tối đa 4.5GHz và sản xuất trên tiến trình 7nm tiên tiến. Ngoài ra máy còn có sẵn 8GB RAM và 512GB SSD tốc độ cao. Với những thông số này, bạn không chỉ làm việc đa nhiệm, chơi game Esports mà còn có thể chạy những tác vụ sáng tạo như thiết kế, chỉnh sửa ảnh, biên tập video đơn giản. Tốc độ phản hồi cực nhanh giúp bạn không phải chờ đợi, để công việc luôn được chạy thông suốt.</p><p><img src=\"https://images.fpt.shop/unsafe/filters:quality(90)/fptshop.com.vn/Uploads/images/2015/0511/MSI-Modern-14-C13M-fpt-1.jpg\" alt=\"MSI Modern 14 C7M-221VN (ảnh 2)\" width=\"1599\" height=\"1066\"></p><h3><strong>Hiệu năng đồ họa ấn tượng</strong></h3><p>Card đồ họa tích hợp AMD Radeon Graphics đi kèm con chip Ryzen 5 7730U có tới 8 nhân, tốc độ 2000 MHz cho hiệu suất không thua kém gì những card đồ họa rời. Bên cạnh xuất hình độ phân giải lên tới 4K, bạn còn có thể chỉnh sửa ảnh, biên tập video ngắn hay các tác vụ 3D nhẹ nhàng. Nếu bạn làm công việc sáng tạo, Modern 14 hoàn toàn có thể là sự lựa chọn đáng giá.</p><p><img src=\"https://images.fpt.shop/unsafe/filters:quality(90)/fptshop.com.vn/Uploads/images/2015/0511/MSI-Modern-14-C13M-fpt-4.jpg\" alt=\"MSI Modern 14 C7M-221VN (ảnh 3)\" width=\"1600\" height=\"1066\"></p><h3><strong>Nhập liệu nhanh chóng</strong></h3><p>Để công việc của bạn diễn ra trôi chảy, phần bàn di chuột Touchpad của MSI Modern 14 C7M cho bạn khả năng thao tác mượt mà trên đầu ngón tay, vô cùng nhạy. Chức năng lay-flat 180 độ và Flip-n-Share cho phép bạn chỉ cần một cú nhấp chuột để chia sẻ màn hình, mang đến không gian làm việc hiệu quả hơn. Bàn phím có hành trình phím sâu 1,5mm, tối ưu cho nhập liệu, mang lại cảm giác gõ phím thích tay, phản hồi tốt. MSI Modern 14 cũng có đèn nền bàn phím thân thiện, để bạn làm việc tốt ngay cả trong môi trường tối.</p><p><img src=\"https://images.fpt.shop/unsafe/filters:quality(90)/fptshop.com.vn/Uploads/images/2015/0511/MSI-Modern-14-C13M-fpt-8.jpg\" alt=\"MSI Modern 14 C7M-221VN (ảnh 4)\" width=\"1600\" height=\"1066\"></p><h3><strong>Hoàn toàn yên tâm về độ bền</strong></h3><p>Để đảm bảo chất lượng tốt nhất cùng sự yên tâm cho người dùng, MSI Modern 14 được công nhận độ bền chuẩn quân đội MIL-STD-810G. Nghĩa là mỗi chiếc <a href=\"https://fptshop.com.vn/may-tinh-xach-tay\">laptop</a> đến tay người dùng đều đã đảm bảo sẽ vượt qua những bài kiểm tra khắc nghiệt về nhiệt độ, độ ẩm, rung lắc, va đập. Sản phẩm từ thương hiệu MSI từ trước đến nay cũng được đánh giá rất cao về chất lượng.</p><p><img src=\"https://images.fpt.shop/unsafe/filters:quality(90)/fptshop.com.vn/Uploads/images/2015/0511/MSI-Modern-14-C13M-fpt-7.jpg\" alt=\"MSI Modern 14 C7M-221VN (ảnh 5)\" width=\"1600\" height=\"1066\"></p><h3><strong>Đắm chìm trong thế giới âm nhạc đỉnh cao</strong></h3><p>Cùng thưởng thức âm nhạc đỉnh cao dành cho riêng bạn với laptop MSI Modern 14 C7M. Chiếc laptop nhỏ gọn này hỗ trợ âm thanh độ phân giải cao Hi-Res Audio 24bit/192kHz, có thể phát ra âm thanh chi tiết, trung thực đến không ngờ. Bạn sẽ được tận hưởng âm trầm sâu lắng, âm bổng trong trẻo, đắm chìm trong thế giới âm nhạc đầy cuốn hút.</p><p><img src=\"https://images.fpt.shop/unsafe/filters:quality(90)/fptshop.com.vn/Uploads/images/2015/0511/MSI-Modern-14-C13M-fpt-2.jpg\" alt=\"MSI Modern 14 C7M-221VN (ảnh 6)\" width=\"1600\" height=\"1066\"></p><h3><strong>Mạng Internet nhanh và ổn định</strong></h3><p><a href=\"https://fptshop.com.vn/may-tinh-xach-tay/msi-modern\">MSI Modern</a> hỗ trợ chuẩn Wi-Fi 6 mới nhất, cho tốc độ nhanh đáng kinh ngạc và vẫn ổn định ngay cả khi bạn dùng nguồn mạng ở xa hay nguồn mạng chia sẻ với nhiều người dùng. Với lưu lượng cao và độ trễ thấp, bạn có thể xem video trực tuyến mượt mà, truyền các tệp tin lớn hay tham gia các cuộc họp online ở chất lượng cao nhất.</p><h3><strong>Kết nối với mọi thiết bị bạn muốn</strong></h3><p>Bạn có thể tìm được tất cả những cổng kết nối cần thiết trên thân máy mỏng của MSI Modern 14 C7M như USB-A, USB-C, microSD và HDMI. Thoải mái kết nối với mọi thiết bị ngoại vi, sạc điện thoại hay làm bất cứ điều gì để phục vụ công việc.</p><p><img src=\"https://images.fpt.shop/unsafe/filters:quality(90)/fptshop.com.vn/Uploads/images/2015/0511/MSI-Modern-14-C13M-fpt-3.jpg\" alt=\"MSI Modern 14 C7M-221VN (ảnh 7)\" width=\"1600\" height=\"1066\"></p><h3><strong>Nhỏ gọn không ngờ, kiểu dáng sang trọng</strong></h3><p>MSI Modern 14 C7M có lớp vỏ màu đen tuyền cổ điển, vừa đơn giản sang trọng, lại vừa mang phong cách quyến rũ bí ẩn. Từ kiểu dáng cho đến các đường nét trên <a href=\"https://fptshop.com.vn/may-tinh-xach-tay/msi\">laptop MSI</a> đều được làm vuông vắn, hoàn thiện mượt mà với ngôn ngữ thiết kế mỏng, phẳng và đề cao giá trị sử dụng. Bản lề nâng tiện dụng, thiết kế tối giản, viền màn hình và cạnh bên đều siêu mỏng, mang lại sản phẩm hiện đại cho bạn. Đừng quên MSI Modern 14 C7M-221VN chỉ có trọng lượng 1,4kg, rất dễ dàng nằm gọn trong balo của bạn và đi khắp muôn nơi.</p><p><img src=\"https://images.fpt.shop/unsafe/filters:quality(90)/fptshop.com.vn/Uploads/images/2015/0511/MSI-Modern-14-C13M-fpt-13.jpg\" alt=\"MSI Modern 14 C7M-221VN (ảnh 8)\" width=\"1600\" height=\"1066\"></p><h3><strong>Hình ảnh rõ nét và sống động</strong></h3><p>Với những kinh nghiệm trong sản xuất màn hình, MSI dễ dàng mang đến cho laptop MSI Modern 14 C7M một màn hình tuyệt đẹp. Tấm nền IPS 14 inch Full HD hiển thị sắc nét, trong trẻo, màu sắc chính xác, cho bạn trải nghiệm hấp dẫn dù là đang đánh văn bản, duyệt web hay xem hình ảnh, video. Viền màn hình được làm rất mỏng, nâng cao hiệu ứng thị giác, tạo cảm giác tràn viền, giúp mọi thứ thêm phần thú vị.</p><p><img src=\"https://images.fpt.shop/unsafe/filters:quality(90)/fptshop.com.vn/Uploads/images/2015/0511/MSI-Modern-14-C13M-fpt-14.jpg\" alt=\"MSI Modern 14 C7M-221VN (ảnh 9)\" width=\"1600\" height=\"1066\"></p>', '<h2>Thông số kỹ thuật</h2><figure class=\"table\"><table><tbody><tr><td>Màn hình</td><td>14.0 inch, 1920 x 1080 Pixels, IPS, 60 Hz, FHD</td></tr><tr><td>CPU</td><td>AMD, Ryzen 7, 7730U</td></tr><tr><td>RAM</td><td>8 GB, DDR4, 3200 MHz</td></tr><tr><td>Ổ cứng</td><td>SSD 512 GB</td></tr><tr><td>Đồ họa</td><td>AMD Radeon Graphics</td></tr><tr><td>Hệ điều hành</td><td>Windows 11 Home</td></tr><tr><td>Trọng lượng</td><td>1.4 kg</td></tr><tr><td>Kích thước</td><td>319.9 x 223 x 19.35 mm</td></tr><tr><td>Xuất xứ</td><td>Trung Quốc</td></tr><tr><td>Năm ra mắt</td><td>2023</td></tr></tbody></table></figure>', 1),
(41, 19, 'Laptop Asus Vivobook 15 OLED A1505VA-L1113W i5 13500H/16GB/512GB/15.6\'\'FHD/Win11', 'asus.png', 33, 17490000, 16490000, '2024-06-25 14:38:12', 2, '<h2>Đặc điểm nổi bật của Asus Vivobook 15 OLED A1505VA-L1113W i5 13500H</h2><p><img src=\"https://images.fpt.shop/unsafe/fit-in/665x374/filters:quality(100):fill(white)/fptshop.com.vn/Uploads/Originals/2023/5/25/638206343256890275_asus-vivobook-a1505va-l1113w-i5-13500h.jpg\" alt=\"Laptop Asus Vivobook 15 OLED A1505VA-L1113W i5 13500H/16GB/512GB/15.6\'\'FHD/Win11\" width=\"665\" height=\"374\"></p><p><img src=\"https://images.fpt.shop/unsafe/fit-in/665x374/filters:quality(100):fill(white)/fptshop.com.vn/Uploads/Originals/2023/5/25/638206343260401576_asus-vivobook-a1505va-l1113w-i5-13500h-man-hinh.jpg\" alt=\"Laptop Asus Vivobook 15 OLED A1505VA-L1113W i5 13500H/16GB/512GB/15.6\'\'FHD/Win11\" width=\"665\" height=\"374\"></p><p><img src=\"https://images.fpt.shop/unsafe/fit-in/665x374/filters:quality(100):fill(white)/fptshop.com.vn/Uploads/Originals/2023/5/25/638206343260082876_asus-vivobook-a1505va-l1113w-i5-13500h-hieu-nang.jpg\" alt=\"Laptop Asus Vivobook 15 OLED A1505VA-L1113W i5 13500H/16GB/512GB/15.6\'\'FHD/Win11\" width=\"665\" height=\"374\"></p><p><img src=\"https://images.fpt.shop/unsafe/fit-in/665x374/filters:quality(100):fill(white)/fptshop.com.vn/Uploads/Originals/2023/5/25/638206343256577847_asus-vivobook-a1505va-l1113w-i5-13500h-pin.jpg\" alt=\"Laptop Asus Vivobook 15 OLED A1505VA-L1113W i5 13500H/16GB/512GB/15.6\'\'FHD/Win11\" width=\"665\" height=\"374\"></p><p><img src=\"https://images.fpt.shop/unsafe/fit-in/665x374/filters:quality(100):fill(white)/fptshop.com.vn/Uploads/Originals/2023/5/25/638206343255630623_asus-vivobook-a1505va-l1113w-i5-13500h-ket-noi.jpg\" alt=\"Laptop Asus Vivobook 15 OLED A1505VA-L1113W i5 13500H/16GB/512GB/15.6\'\'FHD/Win11\" width=\"665\" height=\"374\"></p><p>&nbsp;</p><h2>Đánh giá chi tiết Asus Vivobook 15 OLED A1505VA-L1113W i5 13500H</h2><p><strong>Hình ảnh siêu đẹp với màn hình OLED, âm thanh vòm bao trùm khắp không gian, phần cứng siêu mạnh đủ để chơi game… bạn có thể tìm thấy những yếu tố này trên Asus Vivobook 15 OLED A1505VA-L1113W, chiếc laptop mới nhất trong </strong><a href=\"https://fptshop.com.vn/may-tinh-xach-tay/asus-vivobook\"><strong>dòng Vivobook</strong></a><strong> vừa được ra mắt trong những tháng đầu năm 2023.</strong></p><h3><strong>Màn hình OLED siêu đẹp</strong></h3><p><img src=\"https://images.fpt.shop/unsafe/filters:quality(90)/fptshop.com.vn/Uploads/images/2015/VuTT29/Asus%20Vivobook%2015%20OLED%20A1505VA-L1113W%201.png\" alt=\"Asus Vivobook 15 OLED A1505VA-L1113W (Ảnh 1)\" width=\"960\" height=\"640\"></p><p>Dòng <a href=\"https://fptshop.com.vn/may-tinh-xach-tay/asus\">laptop Asus</a> Vivobook có rất nhiều sản phẩm được trang bị màn hình OLED và Asus Vivobook 15 OLED A1505VA-L1113W đã tiếp nối chuỗi sản phẩm này. Máy được trang bị màn hình 15.6 inch, độ phân giải Full HD 1920 x 1080 pixels, độ sáng tối đa 600 nits, độ phủ màu 100% DCI-P3. Hình ảnh được hiển thị trên màn hình này sẽ có độ tương phản cao, màu đen rất sâu, độ nét ấn tượng tới từng chi tiết nhỏ. Ngoài ra, toàn bộ lượng ánh sáng xanh sẽ được giảm trừ đến hơn 70% nên đôi mắt của bạn được bảo vệ an toàn hơn rất nhiều.</p><h3><strong>Cấu hình siêu mạnh với chip Intel Gen 13, 16GB RAM</strong></h3><p><strong><img src=\"https://images.fpt.shop/unsafe/filters:quality(90)/fptshop.com.vn/Uploads/images/2015/VuTT29/Asus%20Vivobook%2015%20OLED%20A1505VA-L1113W%202.png\" alt=\"Asus Vivobook 15 OLED A1505VA-L1113W (Ảnh 2)\" width=\"960\" height=\"640\"></strong></p><p>Vì là sản phẩm trong phân khúc cận cao cấp nên <a href=\"https://fptshop.com.vn/may-tinh-xach-tay/asus-vivobook-a1505va-l1113w-i5-13500h\">Asus Vivobook 15 OLED</a> cũng phải mạnh về cấu hình thì mới đáp ứng được nhu cầu của người dùng và xứng đáng với số tiền họ bỏ ra. Máy có những phần cứng thời thượng, mạnh mẽ bao gồm chip Intel Core i5-13500H 4.7GHz – 16GB RAM DDR4 3200MHz – 512GB SSD M2. PCIe. Vừa xử lí nhanh dữ liệu, vừa đa nhiệm tốt khi chạy được nhiều chương trình cùng lúc, vừa có tốc độ đọc/ghi dữ liệu siêu cao… Asus Vivobook 15 OLED A1505VA-L1113W tự tin giải quyết tốt bất kì công việc nào mà bạn đề ra.</p><h3><strong>Thoải mái gắn thêm phụ kiện ngoài</strong></h3><p><strong><img src=\"https://images.fpt.shop/unsafe/filters:quality(90)/fptshop.com.vn/Uploads/images/2015/VuTT29/Asus%20Vivobook%2015%20OLED%20A1505VA-L1113W%203.png\" alt=\"Asus Vivobook 15 OLED A1505VA-L1113W (Ảnh 3)\" width=\"960\" height=\"640\"></strong></p><p><strong><img src=\"https://images.fpt.shop/unsafe/filters:quality(90)/fptshop.com.vn/Uploads/images/2015/VuTT29/Asus%20Vivobook%2015%20OLED%20A1505VA-L1113W%204.png\" alt=\"Asus Vivobook 15 OLED A1505VA-L1113W (Ảnh 4)\" width=\"960\" height=\"640\"></strong></p><p>Để thay đổi hoặc tăng cường trải nghiệm khi sử dụng <a href=\"https://fptshop.com.vn/may-tinh-xach-tay\">laptop</a> Asus Vivobook 15 OLED A1505VA-L1113W cho các nhu cầu của mình hàng ngày, bạn có thể dùng 1 trong các loại cổng kết nối mà máy trang bị bao gồm 1 jack Audio 3.5 mm – 1 cổng USB 2.0 – 1 cổng HDMI 1.4 – 1 cổng USB Type C – 2 cổng USB 3.2 Gen 1.</p><h3><strong>Pin dung lượng lớn, dùng lâu mới phải sạc lại</strong></h3><p><strong><img src=\"https://images.fpt.shop/unsafe/filters:quality(90)/fptshop.com.vn/Uploads/images/2015/VuTT29/Asus%20Vivobook%2015%20OLED%20A1505VA-L1113W%205.png\" alt=\"Asus Vivobook 15 OLED A1505VA-L1113W (Ảnh 5)\" width=\"960\" height=\"640\"></strong></p><p>Asus Vivobook 15 OLED A1505VA-L1113W trang bị viên pin có dung lượng 50 Wh với công suất hoạt động 65 W. Nếu sử dụng ở mức bình thường kèm các thiết lập trung bình, máy có thể trụ được khoảng 6-7 tiếng và khoảng thời gian này cũng gần như là đủ cho nhu cầu làm việc trong 1 ngày.</p>', '<h2>Thông số kỹ thuật</h2><figure class=\"table\"><table><tbody><tr><td>Màn hình</td><td>15.6 inch, 1920 x 1080 Pixels, IPS, 60 Hz, 600 nits, FHD</td></tr><tr><td>CPU</td><td>Intel, Core i5, 13500H</td></tr><tr><td>RAM</td><td>16 GB, DDR4, 3200 MHz</td></tr><tr><td>Ổ cứng</td><td>SSD 512 GB</td></tr><tr><td>Đồ họa</td><td>Intel UHD Graphics</td></tr><tr><td>Hệ điều hành</td><td>Windows 11 Home</td></tr><tr><td>Trọng lượng</td><td>1.7 kg</td></tr><tr><td>Kích thước</td><td>35.68 x 22.76 x 1.99 ~ 1.99 cm</td></tr><tr><td>Xuất xứ</td><td>Trung Quốc</td></tr><tr><td>Năm ra mắt</td><td>2023</td></tr></tbody></table></figure>', 1),
(42, 19, '1111', 'laptope.png', 111, 111, 111, '2024-06-25 16:58:59', 0, '<p>111</p>', '<p>1111</p>', 1);

-- --------------------------------------------------------

--
-- Cấu trúc bảng cho bảng `users`
--

CREATE TABLE `users` (
  `user_id` int(11) NOT NULL,
  `username` varchar(100) NOT NULL COMMENT 'Tên đăng nhập',
  `password` varchar(255) NOT NULL,
  `full_name` varchar(255) NOT NULL COMMENT 'Họ tên',
  `image` varchar(255) NOT NULL,
  `email` varchar(255) NOT NULL,
  `phone` varchar(10) NOT NULL,
  `address` varchar(255) NOT NULL,
  `role` tinyint(1) NOT NULL DEFAULT 0 COMMENT '0 là khách hàng 1 là nhân viên',
  `active` tinyint(1) NOT NULL DEFAULT 1
) ENGINE=InnoDB DEFAULT CHARSET=utf8mb4 COLLATE=utf8mb4_general_ci;

--
-- Đang đổ dữ liệu cho bảng `users`
--

INSERT INTO `users` (`user_id`, `username`, `password`, `full_name`, `image`, `email`, `phone`, `address`, `role`, `active`) VALUES
(6, 'khoanguyen', '$2y$10$lkTB87KYB/DODbLsSsq7ZOfptwLQOuwXKpe8M9Y4pB5iPEh6k07f2', 'Nguyễn Lê Anh Khoa', 'khoanguyen.jpg', 'khoanlapc06444@gmail.com', '0909135329', 'Ninh Kiều, Cần Thơ', 0, 1),
(7, 'khahi', '$2y$10$sF.yA6lAhvCE1vhwffwijuzA3JMoVhgnxkk.FdqXR4HVHlHdnXHzK', 'Lê Châu Khả Hi', 'user-default.png', 'hilckpc06524@fpt.edu.vn', '0336216654', 'Kiên Giang', 0, 1),
(8, 'admin', '$2y$10$zwNwMKly8otZrxWr6BTTxuRdX5eGj/2FbZT3wI3TfQ6Io8/jgAlLC', 'Admin', 'user-default.png', 'khoacntt2003@gmail.com', '0336216559', 'Cần Thơ', 1, 1),
(9, 'tranvana', '$2y$10$ts748iCUjwA5HpQBMLuROuAXa70addsKmfkMh9rYIw/PjhxLLwH8i', 'Trần Văn A', 'user-default.png', 'tranvana@gmail.com', '0909135969', 'Cái Răng, Cần Thơ', 0, 1),
(10, 'haohao', '$2y$10$gcBHpzElBGDkOv5EEzJFhuoireNk2HsaloJQLy2KHvzGqx6MIyYku', 'Mai Hảo Hảo', 'user-default.png', 'haomhpc07316@fpt.edu.vn', '0909135985', 'Ninh Kiều, Cần Thơ', 0, 1),
(11, 'tuankiet', '$2y$10$ENy4z0Infjac7VjlKYp2A.gqCBwc8N01tKGLT9A3buGdVoyd7sXnK', 'Đặng tuấn Kiệt', 'user-default.png', 'kietdtpc06764@fpt.edu.vn', '0909006764', 'Cần Thơ', 0, 1),
(12, 'khoanguyen111', '$2y$10$ZPAY2O7ntfQ5/Huv3dUAIuY4qHuPD/DpRxiw11TurgYr3hCrWfnv2', 'Nguyễn Lê Anh Khoa', 'khoanguyen.jpg', 'khoanlapc1234@gmail.com', '0336216546', 'Cần Thơ', 0, 1),
(13, 'khoanguyen001', '$2y$10$ptSvfsaT78h4LdZQNCrKdemlC.AqyZ/q5cudTk9/FKcbe6TtJDJAC', 'Nguyễn Lê Anh Khoa', 'user-default.png', 'khoanla113@gmail.com', '0336216555', 'Can tho', 0, 1);

--
-- Chỉ mục cho các bảng đã đổ
--

--
-- Chỉ mục cho bảng `banners`
--
ALTER TABLE `banners`
  ADD PRIMARY KEY (`id`);

--
-- Chỉ mục cho bảng `carts`
--
ALTER TABLE `carts`
  ADD PRIMARY KEY (`cart_id`),
  ADD KEY `product_id` (`product_id`),
  ADD KEY `user_id` (`user_id`);

--
-- Chỉ mục cho bảng `categories`
--
ALTER TABLE `categories`
  ADD PRIMARY KEY (`category_id`);

--
-- Chỉ mục cho bảng `comments`
--
ALTER TABLE `comments`
  ADD PRIMARY KEY (`comment_id`),
  ADD KEY `product_id` (`product_id`),
  ADD KEY `user_id` (`user_id`);

--
-- Chỉ mục cho bảng `orderdetails`
--
ALTER TABLE `orderdetails`
  ADD PRIMARY KEY (`orderdetails_id`),
  ADD KEY `order_id` (`order_id`),
  ADD KEY `product_id` (`product_id`);

--
-- Chỉ mục cho bảng `orders`
--
ALTER TABLE `orders`
  ADD PRIMARY KEY (`order_id`),
  ADD KEY `user_id` (`user_id`);

--
-- Chỉ mục cho bảng `posts`
--
ALTER TABLE `posts`
  ADD PRIMARY KEY (`post_id`),
  ADD KEY `category_id` (`category_id`);

--
-- Chỉ mục cho bảng `post_categories`
--
ALTER TABLE `post_categories`
  ADD PRIMARY KEY (`id`);

--
-- Chỉ mục cho bảng `products`
--
ALTER TABLE `products`
  ADD PRIMARY KEY (`product_id`),
  ADD KEY `fk_category` (`category_id`);

--
-- Chỉ mục cho bảng `users`
--
ALTER TABLE `users`
  ADD PRIMARY KEY (`user_id`);

--
-- AUTO_INCREMENT cho các bảng đã đổ
--

--
-- AUTO_INCREMENT cho bảng `banners`
--
ALTER TABLE `banners`
  MODIFY `id` int(11) NOT NULL AUTO_INCREMENT;

--
-- AUTO_INCREMENT cho bảng `carts`
--
ALTER TABLE `carts`
  MODIFY `cart_id` int(11) NOT NULL AUTO_INCREMENT, AUTO_INCREMENT=174;

--
-- AUTO_INCREMENT cho bảng `categories`
--
ALTER TABLE `categories`
  MODIFY `category_id` int(11) NOT NULL AUTO_INCREMENT, AUTO_INCREMENT=23;

--
-- AUTO_INCREMENT cho bảng `comments`
--
ALTER TABLE `comments`
  MODIFY `comment_id` int(11) NOT NULL AUTO_INCREMENT, AUTO_INCREMENT=11;

--
-- AUTO_INCREMENT cho bảng `orderdetails`
--
ALTER TABLE `orderdetails`
  MODIFY `orderdetails_id` int(11) NOT NULL AUTO_INCREMENT, AUTO_INCREMENT=105;

--
-- AUTO_INCREMENT cho bảng `orders`
--
ALTER TABLE `orders`
  MODIFY `order_id` int(11) NOT NULL AUTO_INCREMENT, AUTO_INCREMENT=55;

--
-- AUTO_INCREMENT cho bảng `posts`
--
ALTER TABLE `posts`
  MODIFY `post_id` int(11) NOT NULL AUTO_INCREMENT, AUTO_INCREMENT=13;

--
-- AUTO_INCREMENT cho bảng `post_categories`
--
ALTER TABLE `post_categories`
  MODIFY `id` int(11) NOT NULL AUTO_INCREMENT, AUTO_INCREMENT=16;

--
-- AUTO_INCREMENT cho bảng `products`
--
ALTER TABLE `products`
  MODIFY `product_id` int(11) NOT NULL AUTO_INCREMENT, AUTO_INCREMENT=43;

--
-- AUTO_INCREMENT cho bảng `users`
--
ALTER TABLE `users`
  MODIFY `user_id` int(11) NOT NULL AUTO_INCREMENT, AUTO_INCREMENT=15;

--
-- Các ràng buộc cho các bảng đã đổ
--

--
-- Các ràng buộc cho bảng `carts`
--
ALTER TABLE `carts`
  ADD CONSTRAINT `carts_ibfk_1` FOREIGN KEY (`product_id`) REFERENCES `products` (`product_id`),
  ADD CONSTRAINT `carts_ibfk_2` FOREIGN KEY (`user_id`) REFERENCES `users` (`user_id`);

--
-- Các ràng buộc cho bảng `comments`
--
ALTER TABLE `comments`
  ADD CONSTRAINT `comments_ibfk_1` FOREIGN KEY (`product_id`) REFERENCES `products` (`product_id`),
  ADD CONSTRAINT `comments_ibfk_2` FOREIGN KEY (`user_id`) REFERENCES `users` (`user_id`);

--
-- Các ràng buộc cho bảng `orderdetails`
--
ALTER TABLE `orderdetails`
  ADD CONSTRAINT `orderdetails_ibfk_1` FOREIGN KEY (`order_id`) REFERENCES `orders` (`order_id`),
  ADD CONSTRAINT `orderdetails_ibfk_2` FOREIGN KEY (`product_id`) REFERENCES `products` (`product_id`);

--
-- Các ràng buộc cho bảng `orders`
--
ALTER TABLE `orders`
  ADD CONSTRAINT `orders_ibfk_1` FOREIGN KEY (`user_id`) REFERENCES `users` (`user_id`);

--
-- Các ràng buộc cho bảng `posts`
--
ALTER TABLE `posts`
  ADD CONSTRAINT `posts_ibfk_1` FOREIGN KEY (`category_id`) REFERENCES `post_categories` (`id`);

--
-- Các ràng buộc cho bảng `products`
--
ALTER TABLE `products`
  ADD CONSTRAINT `fk_category` FOREIGN KEY (`category_id`) REFERENCES `categories` (`category_id`);
COMMIT;

/*!40101 SET CHARACTER_SET_CLIENT=@OLD_CHARACTER_SET_CLIENT */;
/*!40101 SET CHARACTER_SET_RESULTS=@OLD_CHARACTER_SET_RESULTS */;
/*!40101 SET COLLATION_CONNECTION=@OLD_COLLATION_CONNECTION */;
